YYYY-MM-DDTHH:MM:SS.S (UTC),Preferred Latitude,Preferred Longitude,Depth (km),Method,Magnitude,Strike,Dip,Rake,Err
2019-05-01T06:36:42.858622Z,-42.877995,171.391306,5.241,NonLinLoc,1.04,NA,NA,NA,NA
2019-05-02T03:19:19.070000Z,-42.652905,171.896908,9.666,HypoDD,1.7,198.7306,81.23578,38.45389,29.3317720108434
2019-05-02T04:18:50.960000Z,-42.782442,171.490771,6.958,HypoDD,0.83,178.3494,81.1329,-43.3038,29.9540838239177
2019-05-02T22:23:20.720000Z,-42.963208,171.449072,8.594,HypoDD,0.91,NA,NA,NA,NA
2019-05-03T07:26:57.020000Z,-42.769706,171.673324,7.709,HypoDD,0.28,NA,NA,NA,NA
2019-05-03T15:42:08.330734Z,-42.70793,171.582191,1.339,NonLinLoc,0.26,NA,NA,NA,NA
2019-05-03T16:28:58.610000Z,-42.942273,171.471273,9.442,HypoDD,0.45,NA,NA,NA,NA
2019-05-03T18:50:46.880000Z,-42.604403,171.835758,8.901,HypoDD,0.85,NA,NA,NA,NA
2019-05-03T22:22:44.100000Z,-42.652344,171.87902,12.106,HypoDD,1.94,188.155,67.4506,-7.60494,28.3419344006987
2019-05-04T15:18:13.950000Z,-42.649011,171.962565,11.561,HypoDD,1.28,NA,NA,NA,NA
2019-05-04T17:58:39.980000Z,-42.890828,171.398926,10.762,HypoDD,1.47,269.852,85.90956,93.5361,31.6791861878168
2019-05-04T23:03:20.560000Z,-42.701412,171.679915,9.954,HypoDD,0.11,NA,NA,NA,NA
2019-05-05T06:53:23.080000Z,-42.92395,171.704134,6.125,HypoDD,1.23,214.5747,79.02106,-162.191,31.8182767782701
2019-05-05T06:53:23.350000Z,-42.923934,171.704134,6.141,HypoDD,1.1,NA,NA,NA,NA
2019-05-05T07:10:27.790000Z,-42.919637,171.649284,7.082,HypoDD,0.32,NA,NA,NA,NA
2019-05-05T12:50:36.870000Z,-42.763647,171.666634,7.467,HypoDD,-0.13,NA,NA,NA,NA
2019-05-05T13:53:04.830000Z,-42.76637,171.669759,7.233,HypoDD,0.26,NA,NA,NA,NA
2019-05-05T15:07:11.060000Z,-42.76497,171.670752,6.528,HypoDD,0.32,NA,NA,NA,NA
2019-05-05T20:06:13.980000Z,-42.765137,171.683008,2.776,HypoDD,0.04,NA,NA,NA,NA
2019-05-06T01:07:16.890000Z,-42.769116,171.39707,10.226,HypoDD,0.39,NA,NA,NA,NA
2019-05-06T05:04:20.574758Z,-42.750328,171.756913,6.975,NonLinLoc,0.31,NA,NA,NA,NA
2019-05-06T12:32:27.250000Z,-42.631246,171.809928,9.684,HypoDD,0.55,94.09851,46.30217,167.6528,30.3634193912443
2019-05-06T15:49:46.660000Z,-42.73693,171.76582,6.026,HypoDD,0.18,NA,NA,NA,NA
2019-05-06T20:30:25.000000Z,-42.867546,171.611654,8.667,HypoDD,1.37,232.2682,70.81748,146.4619,27.1122016168189
2019-05-06T22:14:57.845679Z,-42.742095,171.583503,-0.743,NonLinLoc,0.29,NA,NA,NA,NA
2019-05-07T06:39:54.390000Z,-42.911084,171.788721,6.179,HypoDD,0.82,NA,NA,NA,NA
2019-05-07T11:44:12.890000Z,-42.83361,171.85293,7.305,HypoDD,1.3,234.2191,80.47925,-139.725,29.3438268267391
2019-05-07T13:47:47.040000Z,-42.781824,171.60944,7.13,HypoDD,0.45,NA,NA,NA,NA
2019-05-07T14:10:25.309234Z,-42.822687,171.325072,8.276,NonLinLoc,0.69,NA,NA,NA,NA
2019-05-07T18:26:40.980000Z,-42.71851,171.724447,10.725,HypoDD,0.37,NA,NA,NA,NA
2019-05-07T20:23:12.800000Z,-42.682597,171.877897,10.679,HypoDD,0.56,NA,NA,NA,NA
2019-05-07T21:49:12.000000Z,-42.921167,171.766862,14.871,HypoDD,0.91,NA,NA,NA,NA
2019-05-07T21:49:12.040000Z,-42.921257,171.766943,14.845,HypoDD,0.91,NA,NA,NA,NA
2019-05-08T08:38:12.870000Z,-42.734298,171.711117,8.752,HypoDD,0.32,NA,NA,NA,NA
2019-05-08T16:25:05.802091Z,-42.764367,171.723797,6.152,NonLinLoc,0.22,NA,NA,NA,NA
2019-05-09T06:20:28.075956Z,-42.627003,171.543889,0.168,NonLinLoc,0.78,NA,NA,NA,NA
2019-05-09T09:07:18.030000Z,-42.643815,171.817285,10.12,HypoDD,1.66,34.51281,16.73838,130.0808,31.3527894813024
2019-05-09T11:39:12.830000Z,-42.935958,171.553613,9.595,HypoDD,0.52,NA,NA,NA,NA
2019-05-09T12:44:17.710000Z,-42.639807,171.828792,9.157,HypoDD,1.07,NA,NA,NA,NA
2019-05-09T21:14:05.020000Z,-42.824207,171.351188,4.471,HypoDD,1.56,101.5173,83.93536,-79.656,30.48880432083
2019-05-10T02:01:18.020000Z,-42.657983,171.880013,9.982,HypoDD,1.44,NA,NA,NA,NA
2019-05-10T08:23:20.750000Z,-42.762821,171.754476,7.381,HypoDD,1.02,48.50521,62.48111,112.2254,27.3060558396543
2019-05-10T09:43:50.980000Z,-42.949463,171.506836,12.572,HypoDD,0.95,NA,NA,NA,NA
2019-05-10T11:44:29.260000Z,-42.749715,171.398649,8.926,HypoDD,0.77,NA,NA,NA,NA
2019-05-10T20:20:54.860000Z,-42.745312,171.565658,7.346,HypoDD,0.27,NA,NA,NA,NA
2019-05-11T01:11:56.260000Z,-42.750472,171.745573,10.529,HypoDD,1.59,229.0583,71.385,-178.148,26.6844910131434
2019-05-11T01:28:39.840000Z,-42.718498,171.743701,6.271,HypoDD,0.58,190.8807,82.92637,-17.9096,26.9758975132303
2019-05-11T10:27:17.840000Z,-42.703345,171.466911,9.304,HypoDD,0.46,142.7756,85.80981,-49.8589,30.9254183078391
2019-05-11T11:38:35.220000Z,-42.706099,171.483057,5.591,HypoDD,0.26,NA,NA,NA,NA
2019-05-11T21:08:01.880000Z,-42.739901,171.724137,11.78,HypoDD,0.33,NA,NA,NA,NA
2019-05-11T22:36:31.000000Z,-42.898596,171.720182,7.6,HypoDD,0.68,NA,NA,NA,NA
2019-05-12T00:20:25.970000Z,-42.704472,171.662272,7.207,HypoDD,0.24,NA,NA,NA,NA
2019-05-12T01:15:20.870000Z,-42.744714,171.565739,7.241,HypoDD,0.39,NA,NA,NA,NA
2019-05-12T03:33:41.920000Z,-42.765841,171.672705,6.633,HypoDD,0.89,NA,NA,NA,NA
2019-05-12T05:52:04.240000Z,-42.751233,171.798454,8.394,HypoDD,0.62,NA,NA,NA,NA
2019-05-12T13:14:25.030000Z,-42.680802,171.860124,9.948,HypoDD,0.74,NA,NA,NA,NA
2019-05-12T17:10:46.720000Z,-42.679102,171.85861,11.231,HypoDD,0.87,NA,NA,NA,NA
2019-05-13T00:17:49.850000Z,-42.812,171.695833,5.55,HypoDD,0.34,NA,NA,NA,NA
2019-05-13T14:57:39.190000Z,-42.615503,171.938118,9.006,HypoDD,1.43,94.02188,69.06625,170.2453,29.5355243093273
2019-05-13T19:15:10.140000Z,-42.939543,171.556478,11.393,HypoDD,1.05,253.37,61.42615,163.5105,28.1917555318366
2019-05-13T19:25:12.760000Z,-42.74259,171.335384,8.272,HypoDD,0.75,NA,NA,NA,NA
2019-05-14T04:44:25.070000Z,-42.615548,171.934294,10.425,HypoDD,1.86,NA,NA,NA,NA
2019-05-14T18:56:36.100000Z,-42.842069,171.791374,7.838,HypoDD,2.34,340.9228,54.75165,20.08799,29.8143918347478
2019-05-15T05:55:32.670000Z,-42.742806,171.336572,8.67,HypoDD,1.17,NA,NA,NA,NA
2019-05-15T09:07:20.730000Z,-42.743115,171.33654,8.619,HypoDD,0.93,NA,NA,NA,NA
2019-05-15T10:06:42.030000Z,-42.665084,171.86875,13.085,HypoDD,0.73,NA,NA,NA,NA
2019-05-15T18:29:24.000000Z,-42.758439,171.672982,4.65,HypoDD,0.36,NA,NA,NA,NA
2019-05-16T03:51:08.020000Z,-42.626335,171.897721,9.759,HypoDD,1.2,NA,NA,NA,NA
2019-05-16T18:15:55.240000Z,-42.845601,171.786296,7.992,HypoDD,0.71,NA,NA,NA,NA
2019-05-16T19:44:29.160000Z,-42.704736,171.671289,7.248,HypoDD,0.74,NA,NA,NA,NA
2019-05-17T09:57:42.717475Z,-42.726484,171.687528,7.582,NonLinLoc,0.34,NA,NA,NA,NA
2019-05-17T17:44:15.840000Z,-42.743221,171.337012,8.651,HypoDD,1.33,NA,NA,NA,NA
2019-05-18T07:02:22.200000Z,-42.812528,171.675618,8.686,HypoDD,0.5,NA,NA,NA,NA
2019-05-18T16:31:07.564980Z,-42.746414,171.562605,5.393,NonLinLoc,0.07,NA,NA,NA,NA
2019-05-18T18:02:24.522421Z,-42.900172,171.277384,9.707,NonLinLoc,0.86,NA,NA,NA,NA
2019-05-19T04:50:50.722001Z,-42.712425,171.604954,-1.133,NonLinLoc,0.53,NA,NA,NA,NA
2019-05-19T15:20:14.040000Z,-42.612878,171.855599,12.229,HypoDD,0.8,NA,NA,NA,NA
2019-05-19T19:41:25.513397Z,-43.024145,171.480668,9.273,NonLinLoc,1.32,NA,NA,NA,NA
2019-05-20T07:13:24.040000Z,-42.907682,171.8271,12.65,HypoDD,2.26,174.8434,85.0092,-9.49539,31.3551524896556
2019-05-20T07:29:06.020000Z,-42.907951,171.827507,12.07,HypoDD,0.77,NA,NA,NA,NA
2019-05-20T10:07:32.440000Z,-42.702368,171.646305,4.191,HypoDD,0.31,NA,NA,NA,NA
2019-05-20T10:24:16.971694Z,-42.637031,171.897549,3.984,NonLinLoc,0.44,NA,NA,NA,NA
2019-05-20T10:45:52.900000Z,-42.748486,171.725212,9.2,HypoDD,0.72,NA,NA,NA,NA
2019-05-20T18:00:39.040000Z,-42.703918,171.66071,7.216,HypoDD,0.19,NA,NA,NA,NA
2019-05-20T19:44:58.960000Z,-42.876892,171.725358,15.904,HypoDD,1.14,NA,NA,NA,NA
2019-05-21T08:49:15.740000Z,-42.966618,171.501742,8.314,HypoDD,1.47,358.2384,89.7211,-5.93431,29.0386932908774
2019-05-22T06:17:41.780000Z,-42.676619,171.838184,12.27,HypoDD,0.51,NA,NA,NA,NA
2019-05-22T20:57:38.820000Z,-42.642822,171.84362,8.029,HypoDD,0.49,NA,NA,NA,NA
2019-05-23T04:45:04.240000Z,-42.720076,171.6868,7.138,HypoDD,0.28,NA,NA,NA,NA
2019-05-23T09:46:23.670000Z,-42.699569,171.730485,8.295,HypoDD,0.28,NA,NA,NA,NA
2019-05-23T21:07:15.800000Z,-42.75024,171.733285,7.556,HypoDD,1.22,NA,NA,NA,NA
2019-05-24T01:19:14.200000Z,-42.912118,171.827181,12.159,HypoDD,1.27,NA,NA,NA,NA
2019-05-24T05:51:34.320000Z,-42.760209,171.790918,6.741,HypoDD,0.66,NA,NA,NA,NA
2019-05-24T06:28:20.240000Z,-42.759041,171.795785,7.46,HypoDD,0.61,NA,NA,NA,NA
2019-05-24T08:43:19.230000Z,-42.759554,171.794775,7.048,HypoDD,0.86,NA,NA,NA,NA
2019-05-24T12:03:24.230000Z,-42.743294,171.792952,8.132,HypoDD,0.73,NA,NA,NA,NA
2019-05-24T21:37:10.880000Z,-42.749247,171.731917,7.467,HypoDD,0.45,NA,NA,NA,NA
2019-05-25T03:05:35.567154Z,-42.719584,171.725405,5.761,NonLinLoc,0.38,NA,NA,NA,NA
2019-05-25T06:23:24.280000Z,-42.777148,171.616748,7.35,HypoDD,0.36,NA,NA,NA,NA
2019-05-25T06:38:54.340000Z,-42.909379,171.55555,6.277,HypoDD,0.68,NA,NA,NA,NA
2019-05-25T08:43:14.060000Z,-42.659473,171.874593,9.734,HypoDD,0.71,NA,NA,NA,NA
2019-05-25T16:18:44.220000Z,-42.752897,171.74528,8.709,HypoDD,0.3,NA,NA,NA,NA
2019-05-25T19:42:37.739938Z,-42.730959,171.594594,-0.005,NonLinLoc,-0.05,NA,NA,NA,NA
2019-05-25T21:28:40.160000Z,-42.885799,171.780827,11.202,HypoDD,2.33,217.9957,75.96274,154.1524,27.7600439989653
2019-05-26T07:09:44.585968Z,-42.738248,171.713062,7.626,NonLinLoc,0.4,NA,NA,NA,NA
2019-05-26T17:11:24.160000Z,-42.788965,171.433154,7.862,HypoDD,0.58,NA,NA,NA,NA
2019-05-27T05:28:57.270000Z,-42.945687,171.847493,13.233,HypoDD,0.88,NA,NA,NA,NA
2019-05-27T12:08:02.140000Z,-42.885352,171.781299,11.385,HypoDD,1.28,227.3546,83.13607,-153.977,28.6389925451177
2019-05-27T14:19:50.860000Z,-42.820174,171.464876,3.818,HypoDD,0.42,NA,NA,NA,NA
2019-05-29T01:05:49.600000Z,-42.724166,171.831868,6.404,HypoDD,0.64,NA,NA,NA,NA
2019-05-31T12:41:13.020000Z,-42.657279,171.911719,10.58,HypoDD,1.21,NA,NA,NA,NA
2019-06-01T00:05:43.010000Z,-42.870459,171.614893,8.539,HypoDD,0.71,NA,NA,NA,NA
2019-06-01T03:18:56.850000Z,-42.987,171.768262,8.051,HypoDD,0.98,NA,NA,NA,NA
2019-06-01T05:51:06.370000Z,-42.737394,171.715413,8.282,HypoDD,0.34,NA,NA,NA,NA
2019-06-01T12:04:58.340000Z,-42.949935,171.519255,12.102,HypoDD,0.98,NA,NA,NA,NA
2019-06-01T15:17:00.940000Z,-42.920492,171.617057,7.614,HypoDD,1.01,NA,NA,NA,NA
2019-06-01T16:15:58.790000Z,-42.806462,171.627751,9.243,HypoDD,0.36,NA,NA,NA,NA
2019-06-01T17:29:58.920000Z,-42.76945,171.488558,6.092,HypoDD,0.49,NA,NA,NA,NA
2019-06-01T18:37:37.040000Z,-42.966821,171.951286,13.003,HypoDD,1.28,351.3434,88.48757,-4.25082,30.0200401173338
2019-06-01T20:42:04.080000Z,-42.749691,171.731868,7.521,HypoDD,1.35,92.34595,69.03599,-154.913,27.2057252041505
2019-06-01T22:58:08.160000Z,-42.703239,171.657926,7.202,HypoDD,0.68,9.469796,73.71643,0.764158,28.696630638865
2019-06-01T22:58:45.920000Z,-42.960677,171.515218,7.145,HypoDD,1.14,NA,NA,NA,NA
2019-06-02T03:26:46.070000Z,-42.744629,171.719645,9.717,HypoDD,0.39,NA,NA,NA,NA
2019-06-02T13:47:12.640000Z,-42.90225,171.543018,6.219,HypoDD,0.5,NA,NA,NA,NA
2019-06-02T20:11:05.400000Z,-42.913525,171.409635,14.83,HypoDD,0.32,NA,NA,NA,NA
2019-06-03T02:05:51.080000Z,-42.713603,171.576172,3.377,HypoDD,0.04,NA,NA,NA,NA
2019-06-03T02:27:37.951374Z,-42.869522,171.337604,6.889,NonLinLoc,0.71,NA,NA,NA,NA
2019-06-03T02:28:47.000000Z,-42.872567,171.755078,9.466,HypoDD,1.2,NA,NA,NA,NA
2019-06-03T09:44:33.030000Z,-42.909131,171.828011,12.69,HypoDD,1.11,NA,NA,NA,NA
2019-06-03T09:50:11.990000Z,-42.707922,171.680615,8.389,HypoDD,-0.11,NA,NA,NA,NA
2019-06-03T18:13:32.980000Z,-42.761405,171.483512,6.028,HypoDD,0.85,159.5943,76.61637,16.40345,28.1446107564792
2019-06-03T19:13:22.740000Z,-42.76165,171.482975,6.01,HypoDD,0.91,NA,NA,NA,NA
2019-06-03T22:34:04.980000Z,-42.760787,171.482373,5.861,HypoDD,1.47,56.97019,70.78279,162.9841,26.2100520633023
2019-06-03T23:47:05.960000Z,-42.946468,171.451872,8.322,HypoDD,2.28,88.57063,49.7543,-121.649,25.5267401494516
2019-06-04T00:46:48.100000Z,-42.942778,171.454346,7.888,HypoDD,1.79,225.761,18.38398,-117.31,29.4028019390858
2019-06-04T02:17:48.940000Z,-42.748254,171.728613,7.172,HypoDD,0.86,NA,NA,NA,NA
2019-06-04T07:50:02.200000Z,-42.918298,171.600667,7.814,HypoDD,0.56,NA,NA,NA,NA
2019-06-04T08:25:56.810000Z,-42.720524,171.731022,10.453,HypoDD,0.26,NA,NA,NA,NA
2019-06-04T09:47:08.020000Z,-42.859359,171.698796,11.53,HypoDD,0.61,NA,NA,NA,NA
2019-06-04T10:49:31.920000Z,-42.717936,171.801921,7.836,HypoDD,0.41,NA,NA,NA,NA
2019-06-04T12:07:16.910000Z,-42.761898,171.484863,6.104,HypoDD,0.15,NA,NA,NA,NA
2019-06-04T15:14:20.230000Z,-42.878442,171.603678,7.586,HypoDD,0.63,NA,NA,NA,NA
2019-06-04T16:34:31.365607Z,-42.672191,171.40834,5.653,NonLinLoc,0.75,336.2039,48.80994,97.90677,29.3821554516285
2019-06-04T16:38:12.940000Z,-42.687345,171.426058,7.456,HypoDD,0.64,141.246,59.33857,34.24831,29.3937830481531
2019-06-05T12:02:34.950000Z,-42.747856,171.709814,7.953,HypoDD,0.8,NA,NA,NA,NA
2019-06-05T14:50:56.877467Z,-42.664962,171.880142,8.666,NonLinLoc,0.51,NA,NA,NA,NA
2019-06-05T21:02:33.344049Z,-42.853821,171.675812,12.135,NonLinLoc,0.27,NA,NA,NA,NA
2019-06-05T21:13:59.898283Z,-42.727668,171.785081,-1.566,NonLinLoc,0.58,NA,NA,NA,NA
2019-06-06T01:19:34.789217Z,-42.720417,171.735637,7.149,NonLinLoc,0.5,NA,NA,NA,NA
2019-06-06T06:30:48.860000Z,-42.637764,171.880632,8.299,HypoDD,0.91,NA,NA,NA,NA
2019-06-07T08:13:46.550000Z,-42.763416,171.633626,8.215,HypoDD,0.24,NA,NA,NA,NA
2019-06-07T13:05:08.520000Z,-42.70837,171.793115,10.532,HypoDD,0.44,NA,NA,NA,NA
2019-06-07T15:40:05.050000Z,-42.655868,171.935824,10.722,HypoDD,0.8,NA,NA,NA,NA
2019-06-07T17:20:18.080000Z,-42.614868,171.937044,8.492,HypoDD,1.44,NA,NA,NA,NA
2019-06-07T17:35:05.679172Z,-42.669066,171.584478,0.515,NonLinLoc,0.36,NA,NA,NA,NA
2019-06-08T03:32:45.070000Z,-42.761625,171.483268,5.902,HypoDD,1.22,NA,NA,NA,NA
2019-06-08T11:56:18.901933Z,-42.755341,171.771633,0.428,NonLinLoc,0.19,NA,NA,NA,NA
2019-06-08T13:17:17.534082Z,-42.871393,171.657214,9.404,NonLinLoc,0.43,NA,NA,NA,NA
2019-06-08T21:04:43.880000Z,-42.747766,171.76167,6.164,HypoDD,0.39,NA,NA,NA,NA
2019-06-08T22:10:45.720000Z,-42.760775,171.482731,6.128,HypoDD,0.3,NA,NA,NA,NA
2019-06-09T01:14:00.610000Z,-42.760046,171.724674,1.353,HypoDD,1.38,55.8246,67.3326,144.1176,29.5097891683559
2019-06-09T01:26:13.930000Z,-43.02854,171.452409,11.493,HypoDD,1.29,NA,NA,NA,NA
2019-06-09T04:14:51.140000Z,-42.703007,171.657617,7.109,HypoDD,1,177.5553,71.79785,-20.8361,27.5396163214484
2019-06-09T04:32:18.530000Z,-42.762244,171.634993,7.89,HypoDD,0.45,NA,NA,NA,NA
2019-06-09T04:33:08.160000Z,-42.75037,171.718896,7.822,HypoDD,0.34,NA,NA,NA,NA
2019-06-09T12:47:57.472678Z,-42.736139,171.676308,8.016,NonLinLoc,-0.08,NA,NA,NA,NA
2019-06-09T19:03:27.100000Z,-42.720748,171.685465,7.114,HypoDD,0.68,NA,NA,NA,NA
2019-06-09T20:14:30.080000Z,-42.664087,171.928939,12.354,HypoDD,1.71,190.1873,76.07928,-6.32449,28.7492611840498
2019-06-09T21:39:59.760000Z,-42.71923,171.539176,4.502,HypoDD,0.38,NA,NA,NA,NA
2019-06-10T02:54:18.980000Z,-42.761552,171.483122,5.975,HypoDD,0.65,NA,NA,NA,NA
2019-06-10T02:56:57.790000Z,-42.76143,171.483333,6.021,HypoDD,0.35,NA,NA,NA,NA
2019-06-10T11:32:17.980000Z,-42.70022,171.318245,10.467,HypoDD,0.68,NA,NA,NA,NA
2019-06-10T14:49:48.890000Z,-42.760002,171.481885,6.119,HypoDD,0.3,NA,NA,NA,NA
2019-06-10T14:53:02.040000Z,-42.704879,171.975553,13.008,HypoDD,0.71,NA,NA,NA,NA
2019-06-10T15:08:29.660000Z,-42.760575,171.483577,6.103,HypoDD,0.06,NA,NA,NA,NA
2019-06-10T15:34:32.710000Z,-42.759627,171.481999,6.276,HypoDD,-0.03,NA,NA,NA,NA
2019-06-10T17:58:02.900000Z,-42.759587,171.481706,5.984,HypoDD,0.62,NA,NA,NA,NA
2019-06-10T18:24:44.520000Z,-42.76335,171.487907,6.563,HypoDD,-0.17,NA,NA,NA,NA
2019-06-10T23:33:58.980473Z,-42.806982,171.337828,2.856,NonLinLoc,1.4,NA,NA,NA,NA
2019-06-11T00:23:27.930000Z,-42.692875,171.351058,7.06,HypoDD,1.03,NA,NA,NA,NA
2019-06-11T01:13:08.030000Z,-42.865597,171.614665,6.759,HypoDD,0.82,NA,NA,NA,NA
2019-06-11T15:56:59.730000Z,-42.760303,171.482422,5.994,HypoDD,0.4,NA,NA,NA,NA
2019-06-11T18:58:26.700000Z,-42.762386,171.635238,8.041,HypoDD,1.42,175.7564,80.29943,16.8422,28.6756615616206
2019-06-11T20:24:51.920000Z,-42.693258,171.35153,7.019,HypoDD,0.83,NA,NA,NA,NA
2019-06-12T04:52:37.823492Z,-42.673582,171.885082,11.441,NonLinLoc,0.56,NA,NA,NA,NA
2019-06-12T08:35:46.050000Z,-42.761117,171.483219,5.97,HypoDD,0.03,NA,NA,NA,NA
2019-06-12T08:53:32.000000Z,-42.76119,171.482812,5.95,HypoDD,0.39,NA,NA,NA,NA
2019-06-12T09:00:57.950000Z,-42.761239,171.482682,6,HypoDD,0.4,NA,NA,NA,NA
2019-06-12T09:31:02.980000Z,-42.760185,171.482389,6.14,HypoDD,-0.07,NA,NA,NA,NA
2019-06-12T12:25:09.240000Z,-42.803052,171.643245,6.18,HypoDD,0.24,NA,NA,NA,NA
2019-06-12T18:59:08.040000Z,-42.650887,171.873291,10.428,HypoDD,1.53,189.428,74.17608,-7.45719,27.4162686993672
2019-06-12T22:45:50.759627Z,-42.768915,171.443941,4.461,NonLinLoc,0.46,NA,NA,NA,NA
2019-06-13T06:21:24.020000Z,-42.732389,171.654215,9.811,HypoDD,0.37,NA,NA,NA,NA
2019-06-13T16:20:50.110000Z,-42.608708,171.907585,11.68,HypoDD,0.64,NA,NA,NA,NA
2019-06-13T23:07:59.800000Z,-42.718368,171.697949,7.383,HypoDD,0.55,NA,NA,NA,NA
2019-06-14T00:03:52.940000Z,-42.72312,171.82251,8.664,HypoDD,0.4,NA,NA,NA,NA
2019-06-14T04:51:13.740000Z,-42.711536,171.757422,6.703,HypoDD,0.29,NA,NA,NA,NA
2019-06-14T09:21:02.700000Z,-42.747522,171.71569,5.981,HypoDD,0.11,NA,NA,NA,NA
2019-06-14T11:31:08.116761Z,-42.644799,171.776716,6.932,NonLinLoc,0.04,NA,NA,NA,NA
2019-06-14T12:48:09.540000Z,-42.69045,171.836165,9.321,HypoDD,0.31,NA,NA,NA,NA
2019-06-14T16:02:23.770000Z,-42.710429,171.758789,6.58,HypoDD,0.17,NA,NA,NA,NA
2019-06-14T21:21:06.060000Z,-42.682284,171.897135,9.809,HypoDD,1.06,234.413,35.56928,54.1209,31.4525352569845
2019-06-14T23:00:52.160000Z,-42.757642,171.932194,9.01,HypoDD,0.78,NA,NA,NA,NA
2019-06-15T01:04:18.410000Z,-42.933496,171.38916,5.398,HypoDD,1.11,340.037,35.84336,-15.6518,31.9009178237104
2019-06-15T01:09:28.160000Z,-42.878117,171.676709,9.704,HypoDD,0.34,NA,NA,NA,NA
2019-06-15T01:42:32.007066Z,-42.569328,171.607136,1.295,NonLinLoc,0.1,NA,NA,NA,NA
2019-06-15T05:05:29.790000Z,-42.709151,171.743717,7.105,HypoDD,0.29,NA,NA,NA,NA
2019-06-15T06:43:23.970000Z,-42.771167,171.650977,4.996,HypoDD,0.33,NA,NA,NA,NA
2019-06-15T12:01:50.160000Z,-42.969751,171.70485,12.05,HypoDD,1.2,179.6738,68.11189,-12.8311,30.6245912783617
2019-06-15T12:14:53.850000Z,-42.70789,171.748014,6.803,HypoDD,0.51,NA,NA,NA,NA
2019-06-15T14:13:58.662328Z,-42.797975,171.420302,4.049,NonLinLoc,0.32,NA,NA,NA,NA
2019-06-15T17:17:36.884968Z,-42.731548,171.237368,12.525,NonLinLoc,0.96,NA,NA,NA,NA
2019-06-15T22:16:32.080000Z,-42.721659,171.644922,7.826,HypoDD,0.48,NA,NA,NA,NA
2019-06-16T07:26:06.320880Z,-42.695185,171.595147,0.255,NonLinLoc,0.25,NA,NA,NA,NA
2019-06-16T12:24:16.880000Z,-42.774748,171.67806,3.857,HypoDD,0.42,NA,NA,NA,NA
2019-06-16T16:32:16.100000Z,-42.696346,171.982568,7.774,HypoDD,0.94,NA,NA,NA,NA
2019-06-17T07:27:07.609636Z,-42.844054,171.642301,10.227,NonLinLoc,0.38,NA,NA,NA,NA
2019-06-18T04:41:31.130000Z,-42.702865,171.658561,7.093,HypoDD,0.43,NA,NA,NA,NA
2019-06-18T07:46:58.930000Z,-42.769845,171.486979,6.165,HypoDD,0.64,256.7002,61.87192,176.2708,27.896513756262
2019-06-18T13:15:17.418813Z,-42.593005,171.609458,16.905,NonLinLoc,0.38,NA,NA,NA,NA
2019-06-19T04:28:19.070000Z,-42.966366,171.71403,10.555,HypoDD,1.12,NA,NA,NA,NA
2019-06-20T01:53:39.140000Z,-42.873547,171.677035,10.806,HypoDD,1.8,234.3964,66.54072,178.9244,27.3083996561457
2019-06-21T02:40:24.190000Z,-42.757564,171.795101,6.451,HypoDD,0.73,NA,NA,NA,NA
2019-06-22T00:33:55.020000Z,-42.81158,171.630029,5.837,HypoDD,1.2,344.2448,85.04686,22.69264,30.8107044301173
2019-06-22T02:27:37.050000Z,-42.892615,171.597754,9.612,HypoDD,0.25,NA,NA,NA,NA
2019-06-22T03:27:58.360000Z,-42.821517,171.612256,1.035,HypoDD,0.21,NA,NA,NA,NA
2019-06-22T04:57:03.900000Z,-42.814372,171.628044,5.563,HypoDD,0.63,NA,NA,NA,NA
2019-06-22T05:21:58.010000Z,-42.814075,171.821729,13.584,HypoDD,0.88,NA,NA,NA,NA
2019-06-22T05:29:46.120000Z,-42.813607,171.627295,5.465,HypoDD,0.65,NA,NA,NA,NA
2019-06-22T05:43:42.830000Z,-42.706576,171.71639,7.824,HypoDD,0.25,NA,NA,NA,NA
2019-06-22T07:53:58.020000Z,-42.766402,171.768018,8.373,HypoDD,0.43,NA,NA,NA,NA
2019-06-22T08:41:55.790000Z,-42.705062,171.712858,7.834,HypoDD,0.6,NA,NA,NA,NA
2019-06-22T12:27:13.840000Z,-42.828483,171.822884,6.626,HypoDD,0.6,NA,NA,NA,NA
2019-06-22T17:48:09.880000Z,-42.863774,171.621143,6.565,HypoDD,0.23,NA,NA,NA,NA
2019-06-22T19:13:57.031004Z,-42.762332,171.662662,5.718,NonLinLoc,0.09,NA,NA,NA,NA
2019-06-22T22:29:40.880000Z,-42.708004,171.702783,6.127,HypoDD,-0.15,NA,NA,NA,NA
2019-06-22T22:46:20.212689Z,-42.720158,171.73967,6.455,NonLinLoc,0.44,NA,NA,NA,NA
2019-06-22T23:45:17.920000Z,-42.846346,171.44362,3.629,HypoDD,0.35,NA,NA,NA,NA
2019-06-23T07:14:59.610000Z,-42.884757,171.720101,9.181,HypoDD,0.68,NA,NA,NA,NA
2019-06-24T10:33:17.220000Z,-42.875065,171.60931,5.932,HypoDD,0.27,NA,NA,NA,NA
2019-06-25T00:05:07.950000Z,-42.804569,171.615706,3.081,HypoDD,0.02,NA,NA,NA,NA
2019-06-25T05:50:45.900000Z,-42.761536,171.681364,6.092,HypoDD,0.04,NA,NA,NA,NA
2019-06-25T17:15:51.240000Z,-42.815845,171.611589,1.17,HypoDD,0.02,NA,NA,NA,NA
2019-06-25T17:56:03.700000Z,-42.882585,171.351546,10.639,HypoDD,0.68,NA,NA,NA,NA
2019-06-25T21:37:08.020000Z,-42.660913,171.916797,10.715,HypoDD,1.01,NA,NA,NA,NA
2019-06-26T08:14:00.847629Z,-42.886154,171.589485,5.978,NonLinLoc,0.72,NA,NA,NA,NA
2019-06-26T09:43:51.040000Z,-42.815776,171.363721,4.614,HypoDD,1,228.9249,11.57329,-155.545,29.4330175406798
2019-06-26T12:13:13.910000Z,-42.676449,171.923112,12.625,HypoDD,0.72,NA,NA,NA,NA
2019-06-27T03:40:55.940000Z,-42.620052,171.828499,9.863,HypoDD,1.17,NA,NA,NA,NA
2019-06-27T06:43:41.010000Z,-42.660901,171.885335,11.439,HypoDD,0.56,166.3302,83.00018,-13.9158,30.0117229130871
2019-06-27T20:44:16.000000Z,-42.881368,171.714844,10.752,HypoDD,0.55,NA,NA,NA,NA
2019-06-27T21:50:18.920000Z,-42.770288,171.657471,5.161,HypoDD,-0.15,NA,NA,NA,NA
2019-06-28T02:39:16.326274Z,-42.719455,171.727422,10.574,NonLinLoc,0.09,NA,NA,NA,NA
2019-06-28T09:46:52.605160Z,-42.706286,171.839738,8.84,NonLinLoc,0.3,NA,NA,NA,NA
2019-06-28T11:13:27.360000Z,-42.770235,171.777702,6.358,HypoDD,0.63,NA,NA,NA,NA
2019-06-28T20:35:02.800000Z,-42.696956,171.879687,9.503,HypoDD,0.73,NA,NA,NA,NA
2019-06-28T23:52:08.760000Z,-42.696098,171.877881,9.984,HypoDD,0.96,NA,NA,NA,NA
2019-06-29T02:25:01.830000Z,-42.695374,171.878923,9.754,HypoDD,0.82,NA,NA,NA,NA
2019-06-29T04:47:20.960000Z,-42.874076,171.56263,8.516,HypoDD,0.55,NA,NA,NA,NA
2019-06-29T07:26:46.040000Z,-42.755245,171.684489,6.082,HypoDD,0.01,NA,NA,NA,NA
2019-06-29T12:44:15.870000Z,-42.704456,171.795394,10.26,HypoDD,0.13,NA,NA,NA,NA
2019-06-29T19:00:29.160000Z,-42.665592,171.884245,9.928,HypoDD,0.61,NA,NA,NA,NA
2019-06-29T19:28:36.960000Z,-42.738212,171.761442,14.242,HypoDD,0.51,NA,NA,NA,NA
2019-06-29T21:31:56.180000Z,-42.744316,171.783105,11.336,HypoDD,0.65,NA,NA,NA,NA
2019-06-29T22:25:12.040000Z,-42.695927,171.881136,9.995,HypoDD,1.32,195.3952,79.07063,30.7122,28.9490199447582
2019-06-30T00:04:24.680000Z,-42.679561,171.858708,10.931,HypoDD,0.26,NA,NA,NA,NA
2019-06-30T08:33:20.432501Z,-42.754304,171.625313,7.929,NonLinLoc,0.01,NA,NA,NA,NA
2019-06-30T10:05:24.460000Z,-42.718136,171.711003,13.491,HypoDD,0.1,NA,NA,NA,NA
2019-06-30T16:34:44.770000Z,-42.687459,171.881234,9.427,HypoDD,0.62,NA,NA,NA,NA
2019-06-30T17:11:58.200000Z,-42.751021,171.741585,10.287,HypoDD,1.5,178.8891,50.64715,14.99581,27.5479290880143
2019-06-30T17:38:17.960000Z,-42.86746,171.614404,8.015,HypoDD,0.23,NA,NA,NA,NA
2019-06-30T22:44:23.280000Z,-42.737402,171.669938,4.779,HypoDD,0.42,NA,NA,NA,NA
2019-07-01T06:47:22.770000Z,-42.709338,171.725309,9.506,HypoDD,0.05,NA,NA,NA,NA
2019-07-01T09:45:45.060000Z,-42.748332,171.732357,9.762,HypoDD,0.57,NA,NA,NA,NA
2019-07-01T16:41:25.290000Z,-42.687297,171.853613,14.91,HypoDD,0.68,NA,NA,NA,NA
2019-07-02T08:39:24.500000Z,-42.762252,171.634245,7.971,HypoDD,0.51,NA,NA,NA,NA
2019-07-02T10:12:15.808718Z,-42.674988,171.909564,8.406,NonLinLoc,0.61,NA,NA,NA,NA
2019-07-02T10:47:11.200000Z,-42.75068,171.746159,10.043,HypoDD,1.79,178.4926,52.22104,13.64899,27.2279756730841
2019-07-02T10:47:43.669204Z,-42.753546,171.753175,6.975,NonLinLoc,1.21,71.45998,60.13648,125.71,29.0042634352848
2019-07-02T11:20:56.770000Z,-42.662927,171.885563,12.103,HypoDD,0.43,NA,NA,NA,NA
2019-07-02T15:57:10.432652Z,-42.732311,171.75916,6.629,NonLinLoc,1.17,NA,NA,NA,NA
2019-07-03T14:39:07.480000Z,-42.664653,171.665202,6.13,HypoDD,0.69,238.1627,16.81842,18.06361,28.6479853415819
2019-07-03T15:45:54.840000Z,-42.710771,171.662549,6.898,HypoDD,0.32,NA,NA,NA,NA
2019-07-03T16:48:13.430551Z,-42.732699,171.753109,7.713,NonLinLoc,0.21,NA,NA,NA,NA
2019-07-03T19:37:03.200000Z,-42.771305,171.672738,7.582,HypoDD,0.5,NA,NA,NA,NA
2019-07-04T10:32:36.010000Z,-42.750431,171.740348,10.18,HypoDD,1.1,NA,NA,NA,NA
2019-07-04T22:35:54.822104Z,-42.877648,171.954918,10.574,NonLinLoc,1.44,190.6761,45.88526,82.01534,28.0778927099632
2019-07-05T03:35:34.070000Z,-42.724117,171.70516,9.638,HypoDD,1.07,NA,NA,NA,NA
2019-07-05T12:07:17.270000Z,-42.750736,171.744906,10.102,HypoDD,1.55,349.9106,56.18641,-29.0584,29.1479720758912
2019-07-05T14:02:11.890000Z,-42.949382,171.456657,13.267,HypoDD,0.94,NA,NA,NA,NA
2019-07-05T17:33:12.920000Z,-42.662878,171.872998,10.25,HypoDD,0.89,NA,NA,NA,NA
2019-07-05T19:30:43.920000Z,-42.897359,171.431429,6.891,HypoDD,0.44,NA,NA,NA,NA
2019-07-06T03:29:04.790000Z,-42.685775,171.864632,12.241,HypoDD,0.19,NA,NA,NA,NA
2019-07-06T06:51:46.100000Z,-42.62937,171.834619,11.351,HypoDD,0.92,NA,NA,NA,NA
2019-07-06T08:35:04.175691Z,-42.72837,171.634938,-1.913,NonLinLoc,0.07,NA,NA,NA,NA
2019-07-06T16:08:53.970000Z,-42.760132,171.482894,6.29,HypoDD,0.49,50.28545,79.69634,-145.06,28.5705171871636
2019-07-06T18:41:51.660000Z,-42.901021,171.43016,7.304,HypoDD,0.43,NA,NA,NA,NA
2019-07-07T02:55:30.970000Z,-42.753027,171.786654,7.959,HypoDD,0.44,NA,NA,NA,NA
2019-07-07T02:56:16.070000Z,-42.629016,171.833382,11.341,HypoDD,1.27,174.1947,78.22911,63.24948,30.802785229233
2019-07-07T06:09:43.080000Z,-42.750269,171.744092,10.102,HypoDD,0.62,NA,NA,NA,NA
2019-07-07T09:48:06.850000Z,-42.627873,171.83763,11.425,HypoDD,0.66,NA,NA,NA,NA
2019-07-07T12:57:32.457265Z,-42.735363,171.688412,6.108,NonLinLoc,-0.1,NA,NA,NA,NA
2019-07-07T13:07:53.790000Z,-42.884229,171.855485,4.022,HypoDD,0.39,NA,NA,NA,NA
2019-07-07T21:43:07.685003Z,-42.781107,171.694999,6.802,NonLinLoc,0.41,NA,NA,NA,NA
2019-07-08T00:02:03.467070Z,-42.731405,171.773279,6.932,NonLinLoc,0.13,NA,NA,NA,NA
2019-07-08T01:30:38.980000Z,-42.981201,171.76888,8.018,HypoDD,1.02,NA,NA,NA,NA
2019-07-08T02:04:26.065414Z,-42.748606,171.551651,14.39,NonLinLoc,1.07,NA,NA,NA,NA
2019-07-08T12:37:10.026038Z,-42.866822,171.333281,6.542,NonLinLoc,0.65,NA,NA,NA,NA
2019-07-08T21:30:06.200000Z,-42.632214,171.419124,8.692,HypoDD,0.61,NA,NA,NA,NA
2019-07-08T21:50:06.617325Z,-42.764737,171.764456,-1.913,NonLinLoc,0.43,NA,NA,NA,NA
2019-07-09T05:17:18.080000Z,-42.628646,171.830355,11.05,HypoDD,1.02,190.5783,87.78456,73.64794,29.4516670560979
2019-07-09T06:44:10.020000Z,-42.754728,171.676188,7.114,HypoDD,0.31,NA,NA,NA,NA
2019-07-09T12:42:48.040000Z,-42.781726,171.487207,2.523,HypoDD,-0.25,NA,NA,NA,NA
2019-07-09T16:09:05.190000Z,-42.752258,171.741455,10.465,HypoDD,1.62,344.2856,71.2343,-10.8425,28.2617704462836
2019-07-09T19:32:58.920000Z,-42.630326,171.83514,11.079,HypoDD,0.83,NA,NA,NA,NA
2019-07-09T21:04:37.080000Z,-42.785775,171.630941,7.623,HypoDD,0.78,19.81132,74.18791,18.1432,28.6091365190455
2019-07-10T02:08:13.080000Z,-42.724768,171.748812,7.877,HypoDD,1.63,196.5387,77.61871,-23.0992,26.4558777297949
2019-07-10T04:01:14.830000Z,-42.723901,171.7507,8.053,HypoDD,0.59,NA,NA,NA,NA
2019-07-10T05:11:46.910000Z,-42.62913,171.833268,11.322,HypoDD,0.89,NA,NA,NA,NA
2019-07-10T09:33:53.087035Z,-42.732182,171.761177,5.111,NonLinLoc,0.13,NA,NA,NA,NA
2019-07-10T12:46:07.130000Z,-42.880554,171.740527,11.661,HypoDD,0.81,NA,NA,NA,NA
2019-07-10T13:12:40.060000Z,-42.628129,171.835612,11.295,HypoDD,1.23,161.3219,76.41176,74.44225,30.014183287816
2019-07-10T13:43:27.920000Z,-42.628955,171.83654,11.06,HypoDD,0.72,NA,NA,NA,NA
2019-07-10T19:28:13.140000Z,-42.890279,171.735189,9.502,HypoDD,1.64,216.1735,81.21963,133.897,26.8898658658486
2019-07-10T19:35:28.960000Z,-42.758171,171.690576,9.806,HypoDD,0.67,NA,NA,NA,NA
2019-07-10T22:24:45.660000Z,-42.703044,171.811637,8.93,HypoDD,0.44,NA,NA,NA,NA
2019-07-11T04:10:22.100000Z,-42.704614,171.845964,10.382,HypoDD,0.47,NA,NA,NA,NA
2019-07-11T21:32:27.220000Z,-42.612919,171.900212,11.561,HypoDD,1,NA,NA,NA,NA
2019-07-12T13:56:24.620000Z,-42.81073,171.462646,10.693,HypoDD,0.96,NA,NA,NA,NA
2019-07-12T19:57:01.800000Z,-42.808537,171.462598,8.985,HypoDD,0.58,NA,NA,NA,NA
2019-07-13T04:28:59.940000Z,-42.759444,171.481868,6.238,HypoDD,0.63,159.0643,76.57488,14.51808,28.8036437402268
2019-07-13T10:08:04.900000Z,-42.764726,171.496615,5.369,HypoDD,0.76,NA,NA,NA,NA
2019-07-13T21:26:11.920000Z,-42.62926,171.827718,11.16,HypoDD,1.14,NA,NA,NA,NA
2019-07-14T10:16:50.870000Z,-42.724902,171.749414,7.894,HypoDD,1.12,186.6204,60.17271,1.719286,27.4915214539747
2019-07-15T04:44:13.860000Z,-42.682609,171.930127,11.984,HypoDD,0.59,NA,NA,NA,NA
2019-07-15T07:03:32.144584Z,-42.863957,171.587308,7.409,NonLinLoc,0.73,NA,NA,NA,NA
2019-07-15T19:58:43.120000Z,-42.971431,171.760954,14.606,HypoDD,1.59,111.6393,52.72511,37.62622,30.4105125825339
2019-07-16T11:05:53.050000Z,-42.868587,171.688037,10.573,HypoDD,0.71,NA,NA,NA,NA
2019-07-16T13:04:29.730000Z,-42.72371,171.747233,7.978,HypoDD,0.92,148.8279,62.75983,-8.81835,29.6243855562814
2019-07-16T18:12:32.880000Z,-42.722941,171.748454,7.994,HypoDD,0.85,NA,NA,NA,NA
2019-07-16T20:44:36.927824Z,-42.629185,171.556261,1.035,NonLinLoc,0.6,NA,NA,NA,NA
2019-07-16T23:18:03.040000Z,-42.750431,171.756885,8.547,HypoDD,0.81,NA,NA,NA,NA
2019-07-17T02:03:59.070000Z,-42.798051,171.648405,7.347,HypoDD,0.8,NA,NA,NA,NA
2019-07-17T07:55:04.471068Z,-42.611428,171.554534,-1.913,NonLinLoc,0.6,NA,NA,NA,NA
2019-07-17T14:45:12.080000Z,-42.722807,171.746712,7.96,HypoDD,1.39,55.86985,77.56976,155.5596,26.9902446396041
2019-07-18T15:39:05.070000Z,-42.761967,171.723356,12.282,HypoDD,1.41,3.983345,61.87206,84.06265,28.8559369840518
2019-07-19T04:42:35.770000Z,-42.74421,171.728337,8.532,HypoDD,0.84,236.9368,83.9022,-144.653,30.6880297441705
2019-07-19T06:23:14.700000Z,-42.764209,171.456169,4.564,HypoDD,0.24,NA,NA,NA,NA
2019-07-19T09:49:56.040000Z,-42.617289,171.870524,10.449,HypoDD,0.57,NA,NA,NA,NA
2019-07-19T12:23:46.890000Z,-42.804948,171.719775,3.202,HypoDD,0.11,NA,NA,NA,NA
2019-07-19T13:03:12.960000Z,-42.628182,171.830859,11.07,HypoDD,1.02,161.5919,80.59786,95.83213,30.3041164131118
2019-07-19T14:45:42.860000Z,-42.721545,171.745475,8.059,HypoDD,0.54,NA,NA,NA,NA
2019-07-19T22:43:12.820000Z,-42.773429,171.609652,9.194,HypoDD,0.05,NA,NA,NA,NA
2019-07-20T10:52:50.810000Z,-42.724569,171.747461,7.455,HypoDD,0.57,343.5003,71.30024,-1.57585,31.4814098291363
2019-07-20T14:14:18.010000Z,-42.724784,171.749609,7.939,HypoDD,1.39,266.9634,83.28407,-163.22,26.3783811022893
2019-07-20T18:09:45.940000Z,-42.62793,171.831494,11.127,HypoDD,0.8,NA,NA,NA,NA
2019-07-20T19:07:13.960000Z,-42.925891,171.601009,6.562,HypoDD,0.78,NA,NA,NA,NA
2019-07-20T23:17:58.000000Z,-42.929089,171.604199,6.908,HypoDD,0.65,NA,NA,NA,NA
2019-07-21T00:52:52.030000Z,-42.687565,171.896549,10.275,HypoDD,1.26,195.965,80.98494,15.30741,29.6779262372896
2019-07-21T01:33:01.820000Z,-42.777014,171.737809,10.009,HypoDD,0.35,NA,NA,NA,NA
2019-07-21T02:04:33.310000Z,-42.623499,171.93112,9.749,HypoDD,1.38,190.9037,81.02919,22.84287,30.4127108401894
2019-07-21T04:20:33.600000Z,-42.724772,171.752816,8.165,HypoDD,0.34,NA,NA,NA,NA
2019-07-21T09:07:17.490000Z,-42.776286,171.720687,5.99,HypoDD,0.43,NA,NA,NA,NA
2019-07-21T14:36:29.610000Z,-42.784147,171.455534,3.343,HypoDD,0.21,NA,NA,NA,NA
2019-07-21T21:39:44.760000Z,-42.698494,171.716927,6.507,HypoDD,0.87,NA,NA,NA,NA
2019-07-22T04:06:06.030000Z,-42.878125,171.766927,11.216,HypoDD,0.86,NA,NA,NA,NA
2019-07-22T04:08:14.490000Z,-42.663078,171.885693,3.044,HypoDD,1.59,195.4356,79.91277,14.22068,28.8482809849817
2019-07-22T14:29:41.158326Z,-42.769498,171.434856,4.482,NonLinLoc,0.6,231.5444,84.10255,165.0931,31.1291772219626
2019-07-22T14:35:04.050000Z,-42.77856,171.660628,7.914,HypoDD,1.16,218.6236,21.54467,-99.2445,31.3540688643648
2019-07-22T23:08:14.260000Z,-42.86071,171.68514,11.509,HypoDD,1.11,NA,NA,NA,NA
2019-07-23T07:35:34.010000Z,-42.844145,171.602751,6.464,HypoDD,0.37,NA,NA,NA,NA
2019-07-23T10:11:57.140000Z,-42.95531,171.852165,14.733,HypoDD,1.94,46.83469,88.65847,165.1115,27.8313941303115
2019-07-23T12:18:10.880000Z,-42.762174,171.722396,12.235,HypoDD,0.61,NA,NA,NA,NA
2019-07-23T15:25:50.900000Z,-42.629911,171.77028,8.99,HypoDD,0.43,NA,NA,NA,NA
2019-07-23T20:43:36.140000Z,-42.873197,171.609896,7.311,HypoDD,0.86,NA,NA,NA,NA
2019-07-23T22:05:42.960000Z,-42.874919,171.608822,8.835,HypoDD,0.52,NA,NA,NA,NA
2019-07-24T04:22:04.150000Z,-42.776628,171.614404,9.89,HypoDD,0.12,NA,NA,NA,NA
2019-07-24T05:35:26.030000Z,-42.76971,171.672754,7.845,HypoDD,0.92,58.20066,78.57157,161.2606,28.4010524380551
2019-07-24T06:02:42.831147Z,-42.595299,171.666399,3.723,NonLinLoc,0.27,NA,NA,NA,NA
2019-07-24T10:03:03.830000Z,-42.669784,171.820752,12.92,HypoDD,0.51,NA,NA,NA,NA
2019-07-24T10:05:48.750000Z,-42.674792,171.860807,10.512,HypoDD,0.42,NA,NA,NA,NA
2019-07-24T13:48:13.401596Z,-42.725763,171.721964,6.802,NonLinLoc,0.46,NA,NA,NA,NA
2019-07-24T21:47:11.100000Z,-42.757304,171.794141,10.116,HypoDD,0.9,NA,NA,NA,NA
2019-07-25T11:14:10.000000Z,-42.677974,171.853532,10.698,HypoDD,1.12,NA,NA,NA,NA
2019-07-26T05:45:47.620000Z,-42.880562,171.439762,6.679,HypoDD,0.41,NA,NA,NA,NA
2019-07-26T07:54:53.300000Z,-43.018705,171.443538,12.442,HypoDD,1.31,NA,NA,NA,NA
2019-07-26T19:52:43.040000Z,-42.879919,171.713623,11.435,HypoDD,0.76,NA,NA,NA,NA
2019-07-27T00:26:16.550000Z,-42.767558,171.763477,3.912,HypoDD,0.14,NA,NA,NA,NA
2019-07-27T00:56:59.900000Z,-42.912716,171.818376,13.422,HypoDD,0.72,NA,NA,NA,NA
2019-07-27T06:29:08.860000Z,-42.748132,171.588363,10.113,HypoDD,0.63,69.41739,44.40942,127.0029,31.326796801939
2019-07-27T08:44:17.890000Z,-42.725932,171.756527,7.091,HypoDD,0.2,NA,NA,NA,NA
2019-07-28T09:25:41.097675Z,-42.836137,171.649652,6.802,NonLinLoc,0.51,NA,NA,NA,NA
2019-07-28T15:48:46.820000Z,-42.671195,171.854818,12.398,HypoDD,0.34,NA,NA,NA,NA
2019-07-28T23:39:15.680000Z,-42.906604,171.44974,5.533,HypoDD,0.93,NA,NA,NA,NA
2019-07-29T14:18:12.166789Z,-42.70055,171.697123,9.36,NonLinLoc,-0.03,NA,NA,NA,NA
2019-07-29T18:24:20.960000Z,-42.76853,171.674902,9.679,HypoDD,0.82,NA,NA,NA,NA
2019-07-30T10:02:01.990000Z,-42.800281,171.652799,7.392,HypoDD,0.72,216.3167,60.07047,158.2662,30.5435252121184
2019-07-31T00:29:30.770000Z,-42.72526,171.704183,8.966,HypoDD,0.47,NA,NA,NA,NA
2019-07-31T15:20:24.060000Z,-42.864917,171.61901,8.268,HypoDD,4,230.5591,73.87418,145.3907,26.2302274699935
2019-07-31T15:26:57.300000Z,-42.867615,171.621517,8.237,HypoDD,0.97,NA,NA,NA,NA
2019-07-31T15:28:04.990000Z,-42.865755,171.617952,6.335,HypoDD,-0.1,NA,NA,NA,NA
2019-07-31T15:31:24.020000Z,-42.867074,171.621126,8.135,HypoDD,1.27,256.07,59.10126,169.0919,28.1622549725362
2019-07-31T15:36:58.820000Z,-42.866374,171.621305,8.182,HypoDD,1.22,NA,NA,NA,NA
2019-07-31T15:56:14.900000Z,-42.866048,171.614567,7.092,HypoDD,0.42,NA,NA,NA,NA
2019-07-31T16:03:16.602115Z,-42.628779,171.608915,1.555,NonLinLoc,0.38,NA,NA,NA,NA
2019-07-31T16:21:54.240000Z,-42.86792,171.619434,8.407,HypoDD,0.53,NA,NA,NA,NA
2019-07-31T16:42:07.115715Z,-42.853265,171.614736,7.149,NonLinLoc,0.15,NA,NA,NA,NA
2019-07-31T17:45:52.160000Z,-42.868355,171.622607,8.305,HypoDD,0.71,NA,NA,NA,NA
2019-07-31T18:53:40.040000Z,-42.866838,171.619906,8.194,HypoDD,1.73,246.7848,66.34768,-166.388,26.9117064744857
2019-07-31T19:18:23.840000Z,-42.866484,171.619873,7.773,HypoDD,0.51,NA,NA,NA,NA
2019-07-31T20:05:28.040000Z,-42.86792,171.621891,8.148,HypoDD,1.09,NA,NA,NA,NA
2019-07-31T22:38:06.920000Z,-42.72513,171.749951,7.961,HypoDD,0.28,NA,NA,NA,NA
2019-08-01T00:39:18.340000Z,-42.854989,171.624463,7.798,HypoDD,0.59,NA,NA,NA,NA
2019-08-01T02:52:47.000000Z,-42.865625,171.618604,8.183,HypoDD,0.88,NA,NA,NA,NA
2019-08-01T02:52:47.070000Z,-42.862736,171.616846,7.759,HypoDD,0.93,NA,NA,NA,NA
2019-08-01T02:52:47.100000Z,-42.862854,171.617757,7.98,HypoDD,0.93,NA,NA,NA,NA
2019-08-01T05:48:51.340464Z,-42.706247,171.608406,-1.913,NonLinLoc,0.45,NA,NA,NA,NA
2019-08-01T06:43:30.790000Z,-42.677165,171.769727,10.803,HypoDD,0.48,NA,NA,NA,NA
2019-08-01T07:13:31.080000Z,-42.769674,171.672607,7.899,HypoDD,1.7,178.3718,82.28879,12.79189,28.3019801984751
2019-08-01T07:45:24.000000Z,-42.864844,171.619434,8.077,HypoDD,0.51,NA,NA,NA,NA
2019-08-01T08:13:37.857230Z,-42.8846,171.613753,6.845,NonLinLoc,0.13,NA,NA,NA,NA
2019-08-01T09:14:03.403622Z,-43.000022,171.298921,12.742,NonLinLoc,0.61,NA,NA,NA,NA
2019-08-01T09:24:59.040000Z,-42.864518,171.621663,8.133,HypoDD,0.8,NA,NA,NA,NA
2019-08-01T14:09:08.647277Z,-42.856558,171.586583,-1.827,NonLinLoc,0.18,NA,NA,NA,NA
2019-08-02T00:04:36.160000Z,-42.623112,171.933724,9.33,HypoDD,1.3,NA,NA,NA,NA
2019-08-02T02:19:16.070000Z,-42.865503,171.618066,8.297,HypoDD,0.49,NA,NA,NA,NA
2019-08-02T04:37:45.546341Z,-42.857834,171.613152,10.791,NonLinLoc,0.62,NA,NA,NA,NA
2019-08-02T06:13:50.430000Z,-42.921305,171.445898,6.974,HypoDD,0.93,NA,NA,NA,NA
2019-08-02T06:14:45.080000Z,-42.867456,171.621663,8.234,HypoDD,1.25,246.4587,66.15151,-166.783,28.7307458842593
2019-08-02T14:45:24.100000Z,-42.863721,171.612044,6.475,HypoDD,0.32,NA,NA,NA,NA
2019-08-02T15:21:27.940000Z,-42.643758,171.888672,12.079,HypoDD,0.66,NA,NA,NA,NA
2019-08-02T15:49:55.972120Z,-42.688121,171.890631,3.29,NonLinLoc,0.6,NA,NA,NA,NA
2019-08-02T16:55:15.040000Z,-42.869149,171.623226,8.338,HypoDD,1.27,246.3726,64.59472,-167.081,28.3747000074006
2019-08-02T22:19:03.820000Z,-42.685453,171.877376,9.798,HypoDD,0.92,NA,NA,NA,NA
2019-08-03T01:30:03.830000Z,-42.644014,171.86901,9.906,HypoDD,0.97,NA,NA,NA,NA
2019-08-03T05:21:46.950000Z,-42.867078,171.616016,7.11,HypoDD,0.75,NA,NA,NA,NA
2019-08-03T05:21:47.810000Z,-42.870927,171.607601,3.311,HypoDD,0.77,NA,NA,NA,NA
2019-08-03T13:01:11.710000Z,-42.769491,171.487256,6.32,HypoDD,0.8,NA,NA,NA,NA
2019-08-04T02:36:17.136893Z,-42.747795,171.982049,5.805,NonLinLoc,1.03,NA,NA,NA,NA
2019-08-04T18:42:37.980000Z,-42.714494,171.740755,10.912,HypoDD,0.31,NA,NA,NA,NA
2019-08-04T19:11:33.960000Z,-42.756567,171.47596,6.383,HypoDD,0.69,96.22177,31.7897,-126.438,29.6177082069797
2019-08-04T22:26:48.969566Z,-42.685641,171.651011,1.295,NonLinLoc,-0.08,NA,NA,NA,NA
2019-08-05T06:58:43.200000Z,-42.875256,171.724821,9.815,HypoDD,0.8,NA,NA,NA,NA
2019-08-05T17:16:28.040000Z,-42.783765,171.610449,7.345,HypoDD,0.32,NA,NA,NA,NA
2019-08-05T18:51:51.840000Z,-42.626705,171.826497,9.909,HypoDD,0.55,NA,NA,NA,NA
2019-08-05T21:35:40.040000Z,-42.799577,171.648486,7.465,HypoDD,2.28,86.61861,79.00805,-143.129,28.6778718678855
2019-08-05T23:38:05.300000Z,-42.784684,171.625635,4.632,HypoDD,0.11,NA,NA,NA,NA
2019-08-06T08:02:26.040000Z,-42.866573,171.61556,7.813,HypoDD,0.39,NA,NA,NA,NA
2019-08-06T09:12:05.090000Z,-42.810018,171.909473,11.451,HypoDD,0.8,324.8595,87.02645,2.842785,31.8617662139826
2019-08-06T12:41:45.930000Z,-42.86748,171.618831,8.26,HypoDD,1.3,NA,NA,NA,NA
2019-08-06T17:23:39.120000Z,-42.674243,171.929915,11.869,HypoDD,1.01,NA,NA,NA,NA
2019-08-06T17:42:13.000000Z,-42.674552,171.930469,11.265,HypoDD,0.62,NA,NA,NA,NA
2019-08-06T17:52:17.480000Z,-42.66722,171.968457,11.425,HypoDD,0.75,NA,NA,NA,NA
2019-08-06T20:21:58.120000Z,-42.67157,171.931331,11.782,HypoDD,0.98,NA,NA,NA,NA
2019-08-07T09:13:12.077633Z,-42.977236,171.655499,16.558,NonLinLoc,0.79,NA,NA,NA,NA
2019-08-07T09:39:35.070000Z,-42.73422,171.827507,12.938,HypoDD,0.68,NA,NA,NA,NA
2019-08-07T10:26:07.780000Z,-42.711279,171.832292,10.379,HypoDD,0.6,NA,NA,NA,NA
2019-08-07T12:02:32.910000Z,-42.864779,171.616374,7.858,HypoDD,0.54,NA,NA,NA,NA
2019-08-07T13:36:02.870000Z,-42.866345,171.620947,8.114,HypoDD,0.76,NA,NA,NA,NA
2019-08-07T14:51:04.560000Z,-42.730241,171.794287,14.758,HypoDD,0.6,NA,NA,NA,NA
2019-08-07T14:51:05.150000Z,-42.730196,171.794336,14.745,HypoDD,0.58,NA,NA,NA,NA
2019-08-07T15:38:20.624732Z,-42.644727,171.96321,7.452,NonLinLoc,0.74,NA,NA,NA,NA
2019-08-07T20:57:00.100000Z,-42.648515,171.948226,7.832,HypoDD,0.74,NA,NA,NA,NA
2019-08-07T21:05:26.700000Z,-42.656132,171.926937,12.489,HypoDD,0.45,NA,NA,NA,NA
2019-08-07T21:32:42.040000Z,-42.645825,171.949756,9.173,HypoDD,1.07,NA,NA,NA,NA
2019-08-07T21:36:30.040000Z,-42.649426,171.952148,10.166,HypoDD,1.13,NA,NA,NA,NA
2019-08-08T22:18:26.280000Z,-42.762528,171.723226,12.288,HypoDD,1.74,178.417,63.46685,12.4049,30.0331657051981
2019-08-09T10:57:11.860000Z,-42.884509,171.520264,10.691,HypoDD,1.19,139.2601,72.54586,-38.5634,28.7751150171906
2019-08-10T04:32:57.330000Z,-42.770833,171.668001,8.816,HypoDD,0.38,NA,NA,NA,NA
2019-08-10T14:14:48.310000Z,-42.904097,171.798633,11.186,HypoDD,0.99,NA,NA,NA,NA
2019-08-10T15:49:48.765954Z,-42.711279,171.738779,7.929,NonLinLoc,0.26,NA,NA,NA,NA
2019-08-10T22:03:33.800000Z,-42.725285,171.75485,8.09,HypoDD,0.39,NA,NA,NA,NA
2019-08-11T03:18:14.270000Z,-42.751192,171.647119,4.609,HypoDD,0.39,NA,NA,NA,NA
2019-08-11T18:54:27.120000Z,-42.767114,171.760059,2.757,HypoDD,0.71,NA,NA,NA,NA
2019-08-11T22:05:14.360000Z,-42.762553,171.728727,7.542,HypoDD,0.58,NA,NA,NA,NA
2019-08-12T01:14:29.910000Z,-42.71071,171.780859,6.068,HypoDD,0.76,NA,NA,NA,NA
2019-08-12T03:42:36.830000Z,-42.867883,171.620426,8.05,HypoDD,1,NA,NA,NA,NA
2019-08-12T14:44:44.990000Z,-42.863985,171.616243,7.782,HypoDD,0.62,NA,NA,NA,NA
2019-08-12T15:33:36.390000Z,-42.906905,171.541846,9.469,HypoDD,0.43,NA,NA,NA,NA
2019-08-12T16:28:50.970000Z,-42.867415,171.618099,7.82,HypoDD,0.97,NA,NA,NA,NA
2019-08-12T17:21:27.200000Z,-42.887455,171.685693,10.302,HypoDD,1.31,54.85487,66.65795,89.81803,28.6879920980118
2019-08-12T18:30:05.960000Z,-42.615002,171.877279,9.132,HypoDD,0.98,NA,NA,NA,NA
2019-08-12T18:54:24.980000Z,-42.907987,171.827425,12.756,HypoDD,0.98,NA,NA,NA,NA
2019-08-12T20:15:21.120000Z,-42.757694,171.793799,9.985,HypoDD,0.76,NA,NA,NA,NA
2019-08-12T22:55:10.488480Z,-42.951302,171.502168,5.891,NonLinLoc,0.78,NA,NA,NA,NA
2019-08-13T05:51:52.090000Z,-42.710722,171.829574,11.136,HypoDD,1.32,179.3595,75.67166,-0.51251,28.2001076746326
2019-08-13T12:11:29.040000Z,-42.865706,171.617383,8.313,HypoDD,2.69,284.2948,36.65283,-128.78,28.1206654967861
2019-08-14T05:37:49.070000Z,-42.866239,171.619938,8.462,HypoDD,2.62,230.2643,72.70346,145.1466,26.2004593960421
2019-08-14T14:06:53.960000Z,-42.863936,171.619482,8.779,HypoDD,0.52,NA,NA,NA,NA
2019-08-14T20:25:24.020000Z,-42.865198,171.619206,8.369,HypoDD,0.67,NA,NA,NA,NA
2019-08-15T01:42:03.770000Z,-42.701233,171.794873,9.57,HypoDD,0.64,NA,NA,NA,NA
2019-08-15T15:46:58.650000Z,-42.760156,171.481999,6.311,HypoDD,0.07,NA,NA,NA,NA
2019-08-15T19:56:42.700000Z,-42.75887,171.481543,6.192,HypoDD,0.54,NA,NA,NA,NA
2019-08-15T21:28:36.240000Z,-42.76617,171.672201,9.683,HypoDD,0.92,270.7654,48.61349,-171.341,29.0491568062401
2019-08-17T00:28:14.980000Z,-42.702527,171.972689,14.602,HypoDD,1.39,52.95561,80.3265,174.7343,31.7194262449322
2019-08-17T17:12:14.300000Z,-42.760897,171.748454,4.3,HypoDD,0.32,NA,NA,NA,NA
2019-08-18T01:14:03.380000Z,-42.749076,171.720687,8.312,HypoDD,0.49,NA,NA,NA,NA
2019-08-18T11:39:55.550000Z,-42.742399,171.705469,7.74,HypoDD,0.11,NA,NA,NA,NA
2019-08-18T22:39:27.960000Z,-42.796741,171.647656,7.281,HypoDD,0.6,NA,NA,NA,NA
2019-08-18T22:51:57.914783Z,-42.756634,171.588987,-1.957,NonLinLoc,0.54,NA,NA,NA,NA
2019-08-18T23:50:19.923253Z,-42.765624,171.634553,7.669,NonLinLoc,0.41,NA,NA,NA,NA
2019-08-19T01:10:45.020000Z,-42.797233,171.689242,4.716,HypoDD,0.24,NA,NA,NA,NA
2019-08-19T08:41:11.040000Z,-42.722831,171.744027,7.114,HypoDD,0.23,NA,NA,NA,NA
2019-08-19T08:55:57.250000Z,-42.770972,171.68138,9.671,HypoDD,0.27,NA,NA,NA,NA
2019-08-19T16:27:50.880000Z,-42.637154,171.421663,9.603,HypoDD,0.82,NA,NA,NA,NA
2019-08-20T08:47:10.140000Z,-42.767635,171.746322,8.573,HypoDD,1.52,143.6491,80.42802,-14.7667,27.8571527165351
2019-08-20T14:03:46.780000Z,-42.715503,171.755013,8.543,HypoDD,0.22,NA,NA,NA,NA
2019-08-21T03:13:13.780000Z,-42.720605,171.655241,12.826,HypoDD,0.96,NA,NA,NA,NA
2019-08-21T08:49:54.820000Z,-42.800753,171.677409,9.035,HypoDD,0.17,NA,NA,NA,NA
2019-08-22T03:57:39.726796Z,-42.692596,171.635469,6.672,NonLinLoc,0.4,NA,NA,NA,NA
2019-08-22T09:39:03.980000Z,-42.638595,171.424756,10.023,HypoDD,0.58,NA,NA,NA,NA
2019-08-22T12:35:03.043812Z,-42.739579,171.599499,2.423,NonLinLoc,0.26,NA,NA,NA,NA
2019-08-23T09:05:43.660551Z,-42.884007,171.483453,-1.22,NonLinLoc,0.5,NA,NA,NA,NA
2019-08-24T04:43:02.700000Z,-42.849776,171.585856,10.577,HypoDD,0.32,NA,NA,NA,NA
2019-08-24T10:00:42.910000Z,-42.735881,171.706966,7.908,HypoDD,0.27,NA,NA,NA,NA
2019-08-24T11:27:18.967061Z,-42.581166,171.608297,-1.133,NonLinLoc,0.25,NA,NA,NA,NA
2019-08-24T12:06:01.350000Z,-42.922917,171.526123,10.216,HypoDD,0.45,NA,NA,NA,NA
2019-08-24T13:25:36.830000Z,-42.782996,171.594059,10.656,HypoDD,0.35,NA,NA,NA,NA
2019-08-24T19:20:05.120000Z,-42.635518,171.398503,10.141,HypoDD,0.77,145.3295,62.75524,27.35317,27.3121318792511
2019-08-25T04:50:00.180000Z,-42.894055,171.695671,10.082,HypoDD,1.36,327.7046,53.24579,72.2866,31.7999507333618
2019-08-25T05:02:04.950000Z,-42.744718,171.806201,11.38,HypoDD,0.68,NA,NA,NA,NA
2019-08-25T11:44:14.760000Z,-42.72463,171.748096,7.93,HypoDD,0.84,285.8323,73.72898,-167.114,26.9085978198874
2019-08-25T13:09:40.650000Z,-42.938521,171.569141,10.259,HypoDD,1.26,NA,NA,NA,NA
2019-08-25T15:54:41.910000Z,-42.669116,171.923975,14.847,HypoDD,0.62,NA,NA,NA,NA
2019-08-25T21:52:46.340000Z,-42.706791,171.671029,6.669,HypoDD,0.53,NA,NA,NA,NA
2019-08-26T00:36:44.426448Z,-42.729351,171.758862,5.761,NonLinLoc,0.3,NA,NA,NA,NA
2019-08-26T15:31:25.971625Z,-42.654271,171.907431,9.88,NonLinLoc,1.1,NA,NA,NA,NA
2019-08-27T20:53:55.320000Z,-42.609074,171.899023,10.298,HypoDD,1.34,180.4717,83.55774,-3.63958,30.2464377583636
2019-08-28T07:06:32.640000Z,-42.793835,171.410368,8.333,HypoDD,1.47,NA,NA,NA,NA
2019-08-29T09:45:23.080000Z,-42.793538,171.483724,5.947,HypoDD,0.51,185.805,88.39256,-33.5096,30.4227445669899
2019-08-30T02:39:47.890000Z,-42.7696,171.662028,4.093,HypoDD,0.54,NA,NA,NA,NA
2019-08-30T19:52:06.660000Z,-42.738717,171.54458,5.893,HypoDD,0.44,NA,NA,NA,NA
2019-08-30T22:57:23.960000Z,-42.77078,171.666439,3.972,HypoDD,1.37,180.2645,75.27729,19.82939,30.5632182931856
2019-08-30T23:15:04.900000Z,-42.771741,171.674349,3.831,HypoDD,0.31,NA,NA,NA,NA
2019-08-31T07:29:45.030000Z,-42.895064,171.688981,11.667,HypoDD,0.68,NA,NA,NA,NA
2019-08-31T08:15:05.100000Z,-42.899341,171.687305,10.513,HypoDD,1.52,239.0722,67.62272,169.6361,27.6843620073302
2019-08-31T11:29:02.780000Z,-42.706763,171.860026,10.079,HypoDD,0.29,NA,NA,NA,NA
2019-08-31T17:06:05.080000Z,-42.770634,171.687777,2.628,HypoDD,0.12,NA,NA,NA,NA
2019-08-31T21:47:43.040000Z,-42.915987,171.827507,13.677,HypoDD,1.3,230.0417,82.36958,-161.844,28.1871006840082
2019-09-01T04:01:04.780000Z,-42.755469,171.67972,11.698,HypoDD,0.92,235.9805,32.00697,133.1478,30.9627674668372
2019-09-01T08:32:16.920000Z,-42.796554,171.844466,14.359,HypoDD,0.72,NA,NA,NA,NA
2019-09-01T09:46:12.920000Z,-42.766976,171.481152,6.483,HypoDD,0.53,349.5396,86.85009,26.22219,27.5671987916418
2019-09-01T13:01:10.000000Z,-42.663416,171.210319,24.108,HypoDD,1.27,306.28,26.46821,178.6427,29.2479541017108
2019-09-01T16:32:36.840000Z,-42.761214,171.483187,5.675,HypoDD,0.4,NA,NA,NA,NA
2019-09-01T19:33:05.860000Z,-42.773519,171.673893,4.129,HypoDD,0.08,NA,NA,NA,NA
2019-09-02T02:17:00.100000Z,-42.638578,171.94445,10.711,HypoDD,0.64,NA,NA,NA,NA
2019-09-02T02:20:10.400000Z,-42.752352,171.761051,6.797,HypoDD,0.92,NA,NA,NA,NA
2019-09-03T01:26:04.130000Z,-42.827865,171.861947,9.304,HypoDD,1.15,184.6117,86.49481,-54.3263,30.2583748296641
2019-09-03T14:34:48.220000Z,-42.756604,171.800391,10.259,HypoDD,1.65,244.8095,68.45148,-177.572,30.4339210141929
2019-09-03T14:37:49.020000Z,-42.758024,171.797884,10.681,HypoDD,0.73,NA,NA,NA,NA
2019-09-03T14:57:42.000000Z,-42.758223,171.795964,9.81,HypoDD,1.07,NA,NA,NA,NA
2019-09-03T21:08:50.594422Z,-42.694297,171.5626,0.168,NonLinLoc,0.45,NA,NA,NA,NA
2019-09-04T06:45:57.900000Z,-42.714681,171.694629,6.949,HypoDD,1.35,359.0956,80.80646,-3.33342,28.1610554772351
2019-09-04T20:49:04.920000Z,-42.775057,171.651904,8.528,HypoDD,0.39,NA,NA,NA,NA
2019-09-05T01:43:14.277012Z,-42.718428,171.720215,7.127,NonLinLoc,1.65,263.5628,26.32033,-179.526,30.0328741156608
2019-09-05T13:07:52.780000Z,-42.68269,171.732829,9.497,HypoDD,1.31,106.8386,72.97073,145.652,28.6412737637943
2019-09-05T18:14:04.836613Z,-42.630861,171.715522,5.046,NonLinLoc,1.32,NA,NA,NA,NA
2019-09-06T09:33:06.350821Z,-42.694926,171.59918,3.29,NonLinLoc,0.26,NA,NA,NA,NA
2019-09-06T09:39:33.600000Z,-42.932153,171.544889,11.461,HypoDD,0.81,NA,NA,NA,NA
2019-09-06T10:51:41.860000Z,-42.616435,171.810954,12.022,HypoDD,1.01,NA,NA,NA,NA
2019-09-06T11:36:20.910000Z,-42.736694,171.69432,8.382,HypoDD,0.29,NA,NA,NA,NA
2019-09-06T13:04:00.950000Z,-42.758118,171.793994,8.492,HypoDD,0.67,NA,NA,NA,NA
2019-09-06T14:56:46.700000Z,-42.747485,171.721891,9.509,HypoDD,0.22,NA,NA,NA,NA
2019-09-06T16:25:24.090000Z,-42.684753,171.92168,11.405,HypoDD,1.74,160.7618,81.29703,9.306146,28.6251219179442
2019-09-07T07:05:15.840000Z,-42.739294,171.712972,7.717,HypoDD,0.24,NA,NA,NA,NA
2019-09-07T11:11:32.429950Z,-42.746091,171.73009,7.192,NonLinLoc,0.55,NA,NA,NA,NA
2019-09-07T14:54:59.110000Z,-42.733317,171.813851,8.99,HypoDD,1.23,145.902,30.09321,37.88962,31.1702101288949
2019-09-08T06:24:57.720000Z,-42.669047,171.837565,10.506,HypoDD,0.51,NA,NA,NA,NA
2019-09-08T09:34:36.060000Z,-42.910238,171.818213,12.928,HypoDD,1.72,NA,NA,NA,NA
2019-09-08T13:42:19.030000Z,-42.67819,171.856608,11.465,HypoDD,1.41,266.6663,73.10245,-165.534,28.5857439036992
2019-09-09T21:34:02.840000Z,-42.714449,171.694727,6.831,HypoDD,0.54,NA,NA,NA,NA
2019-09-10T03:07:00.710000Z,-42.72039,171.792041,9.729,HypoDD,0.92,NA,NA,NA,NA
2019-09-10T04:22:33.658091Z,-42.617347,171.55511,-0.005,NonLinLoc,0.45,NA,NA,NA,NA
2019-09-10T05:12:01.922368Z,-42.64809,171.586482,0.862,NonLinLoc,0.1,NA,NA,NA,NA
2019-09-10T17:41:43.920000Z,-42.69491,171.715885,9.715,HypoDD,0.67,NA,NA,NA,NA
2019-09-10T22:14:37.444454Z,-42.709098,171.888728,5.718,NonLinLoc,0.8,NA,NA,NA,NA
2019-09-11T18:00:54.311936Z,-42.683384,171.662959,9.23,NonLinLoc,0.27,NA,NA,NA,NA
2019-09-13T16:32:24.800000Z,-42.77797,171.608659,7.986,HypoDD,0.74,NA,NA,NA,NA
2019-09-14T06:11:45.980000Z,-42.75684,171.792952,10.266,HypoDD,0.81,NA,NA,NA,NA
2019-09-14T14:56:01.890000Z,-42.725484,171.755745,7.648,HypoDD,0.27,NA,NA,NA,NA
2019-09-14T15:00:28.560000Z,-42.865833,171.617725,8.326,HypoDD,1.03,NA,NA,NA,NA
2019-09-14T19:25:41.880000Z,-42.712675,171.584782,1.887,HypoDD,0.24,NA,NA,NA,NA
2019-09-15T02:34:30.468191Z,-42.963363,171.592992,5.024,NonLinLoc,1.66,NA,NA,NA,NA
2019-09-15T09:35:24.010000Z,-42.912769,171.578353,9.83,HypoDD,0.7,NA,NA,NA,NA
2019-09-15T14:24:07.010000Z,-42.688175,171.917122,12.379,HypoDD,0.89,NA,NA,NA,NA
2019-09-15T17:35:16.660000Z,-42.824984,171.45695,5.86,HypoDD,0.66,NA,NA,NA,NA
2019-09-15T18:30:52.716552Z,-42.686824,171.586214,-1.913,NonLinLoc,0.3,NA,NA,NA,NA
2019-09-15T18:31:44.196384Z,-42.727483,171.764764,4.374,NonLinLoc,0.16,NA,NA,NA,NA
2019-09-16T00:31:15.220000Z,-42.868559,171.613493,7.201,HypoDD,0.63,NA,NA,NA,NA
2019-09-16T09:35:51.325431Z,-43.013712,171.504134,6.585,NonLinLoc,1.87,NA,NA,NA,NA
2019-09-16T09:57:26.990000Z,-42.938424,171.568945,10.294,HypoDD,2.38,159.1577,57.47045,-53.3129,28.6641212637627
2019-09-17T00:01:29.770000Z,-42.93833,171.569027,10.221,HypoDD,0.99,NA,NA,NA,NA
2019-09-17T23:42:08.160000Z,-42.93835,171.569027,10.242,HypoDD,1.95,158.3773,56.89554,-55.1961,30.7063649351228
2019-09-18T02:53:43.980000Z,-42.678707,171.855518,11.129,HypoDD,1.26,195.681,76.48472,15.89965,29.3475751915304
2019-09-18T12:07:15.960000Z,-42.850655,171.603711,7.737,HypoDD,0.84,NA,NA,NA,NA
2019-09-18T12:11:53.030000Z,-42.852262,171.604753,7.741,HypoDD,1.55,247.8551,64.82252,-165.712,28.1612223551979
2019-09-18T18:10:38.580000Z,-42.603251,171.903239,11.059,HypoDD,1.76,203.6365,85.66736,21.12193,30.1350347801551
2019-09-18T19:43:11.920000Z,-42.851554,171.605062,7.913,HypoDD,0.9,NA,NA,NA,NA
2019-09-18T21:12:46.080000Z,-42.636796,171.946501,11.752,HypoDD,1.31,107.5398,64.99896,173.1664,31.0541733057355
2019-09-19T03:19:21.700000Z,-42.725098,171.751563,7.871,HypoDD,0.65,NA,NA,NA,NA
2019-09-19T18:04:13.987536Z,-42.834157,171.610822,7.929,NonLinLoc,0.54,NA,NA,NA,NA
2019-09-20T12:40:34.980000Z,-42.864974,171.618376,8.193,HypoDD,0.71,NA,NA,NA,NA
2019-09-20T23:15:22.080000Z,-42.868669,171.618099,8.307,HypoDD,1.47,87.28666,67.96178,-135.426,29.4573878854512
2019-09-21T01:08:59.020000Z,-42.616691,171.885026,8.464,HypoDD,0.5,NA,NA,NA,NA
2019-09-21T09:29:44.850000Z,-42.800374,171.651823,7.503,HypoDD,0.69,NA,NA,NA,NA
2019-09-21T09:29:45.070000Z,-42.799605,171.651286,7.433,HypoDD,0.44,216.399,59.05644,158.5765,29.0216370856795
2019-09-21T11:18:49.990000Z,-42.888257,171.847249,12.322,HypoDD,0.79,NA,NA,NA,NA
2019-09-21T14:34:40.750000Z,-42.724166,171.809001,5.696,HypoDD,0.63,NA,NA,NA,NA
2019-09-21T18:31:40.960000Z,-42.946932,171.87972,16.079,HypoDD,2.04,NA,NA,NA,NA
2019-09-22T14:30:15.270000Z,-42.911678,171.643408,5.711,HypoDD,1.16,240.7487,42.34486,-119.272,30.3561835101351
2019-09-23T01:43:11.880000Z,-42.706576,171.367139,14.977,HypoDD,3.73,12.21233,38.95063,100.1942,26.9532307880418
2019-09-23T01:55:54.950000Z,-42.708244,171.386019,13.889,HypoDD,1.08,NA,NA,NA,NA
2019-09-23T02:18:10.120000Z,-42.707511,171.387419,13.819,HypoDD,1.2,NA,NA,NA,NA
2019-09-23T02:19:31.210000Z,-42.707682,171.3861,13.84,HypoDD,1.27,NA,NA,NA,NA
2019-09-23T02:31:14.950000Z,-42.70732,171.385954,13.862,HypoDD,1.34,NA,NA,NA,NA
2019-09-23T02:40:33.120000Z,-42.70741,171.386556,13.919,HypoDD,2.16,183.9704,51.89209,81.78731,28.6803519913714
2019-09-23T05:11:14.120000Z,-42.706258,171.382894,13.902,HypoDD,1.63,182.2788,51.97095,78.11057,28.6446066441273
2019-09-23T05:11:20.050000Z,-42.711564,171.387093,14.154,HypoDD,1.12,NA,NA,NA,NA
2019-09-23T09:21:05.110000Z,-42.708427,171.386133,13.856,HypoDD,1.49,16.61507,58.77324,124.0929,31.5667568456919
2019-09-24T04:45:18.130000Z,-42.752478,171.733285,8.914,HypoDD,1.39,NA,NA,NA,NA
2019-09-24T09:18:44.170000Z,-42.707137,171.385482,14.079,HypoDD,4.18,186.3326,51.91274,84.80438,25.4052817137864
2019-09-24T09:23:15.140000Z,-42.706722,171.386214,13.984,HypoDD,2.48,180.5513,52.9521,84.47893,27.7675844545428
2019-09-24T09:25:57.980000Z,-42.704968,171.38125,14.103,HypoDD,1.01,NA,NA,NA,NA
2019-09-24T09:31:37.140000Z,-42.707845,171.384489,13.994,HypoDD,1.76,143.8281,45.8387,44.91651,28.125968242759
2019-09-24T10:05:24.070000Z,-42.708403,171.385156,13.904,HypoDD,1.1,NA,NA,NA,NA
2019-09-24T10:19:23.100000Z,-42.709403,171.384766,13.844,HypoDD,0.85,NA,NA,NA,NA
2019-09-24T10:54:49.130000Z,-42.708997,171.385465,13.903,HypoDD,1.53,18.72155,46.23018,121.1255,28.9939411879171
2019-09-24T11:05:35.710000Z,-42.706669,171.358105,14.235,HypoDD,1.27,178.7054,53.33156,81.22332,27.6660743625832
2019-09-24T11:24:25.080000Z,-42.708488,171.385319,13.823,HypoDD,1.22,NA,NA,NA,NA
2019-09-24T11:44:56.140000Z,-42.708752,171.384782,13.873,HypoDD,1.09,NA,NA,NA,NA
2019-09-24T11:52:34.040000Z,-42.707092,171.384668,13.887,HypoDD,0.59,NA,NA,NA,NA
2019-09-24T13:43:24.140000Z,-42.708769,171.385807,13.974,HypoDD,1.11,NA,NA,NA,NA
2019-09-24T14:04:39.740000Z,-42.713566,171.696533,6.874,HypoDD,0.29,NA,NA,NA,NA
2019-09-24T14:46:52.090000Z,-42.707959,171.385872,13.899,HypoDD,1.37,10.93827,38.42614,98.83656,29.3975275810322
2019-09-24T14:54:49.110000Z,-42.706803,171.384896,13.926,HypoDD,1.14,159.9857,50.4337,62.40007,30.085187992432
2019-09-24T14:58:01.050000Z,-42.710978,171.386377,13.903,HypoDD,0.64,NA,NA,NA,NA
2019-09-24T15:42:34.740000Z,-42.705888,171.357796,14.243,HypoDD,2.4,185.6412,51.7548,82.82961,25.3544271134394
2019-09-24T16:10:12.230000Z,-42.704822,171.390218,13.747,HypoDD,2.99,186.2727,52.81353,84.57348,25.3556399005627
2019-09-24T20:39:39.200000Z,-42.704659,171.388053,13.893,HypoDD,2.21,180.9372,52.68594,85.63197,29.2329879913101
2019-09-24T20:43:44.200000Z,-42.704159,171.386979,13.836,HypoDD,2.53,14.00578,39.31806,102.2123,26.9502072934809
2019-09-25T01:03:06.970000Z,-42.854431,171.606185,7.934,HypoDD,1.42,NA,NA,NA,NA
2019-09-25T10:51:42.020000Z,-42.699561,171.392952,13.699,HypoDD,0.7,NA,NA,NA,NA
2019-09-25T11:08:54.130000Z,-42.70837,171.383936,13.991,HypoDD,1.19,NA,NA,NA,NA
2019-09-25T11:29:09.200000Z,-42.707129,171.385303,13.937,HypoDD,3.44,19.51172,60.60699,126.0339,28.1470466721873
2019-09-25T11:31:26.110000Z,-42.709591,171.385905,13.954,HypoDD,0.98,NA,NA,NA,NA
2019-09-25T16:30:35.140000Z,-42.716915,171.40363,12.18,HypoDD,0.41,NA,NA,NA,NA
2019-09-25T21:21:18.960000Z,-42.858809,171.610352,6.338,HypoDD,0.63,NA,NA,NA,NA
2019-09-26T05:14:23.970000Z,-42.706954,171.660791,7.623,HypoDD,0.49,NA,NA,NA,NA
2019-09-26T07:20:25.000000Z,-42.707926,171.665527,7.659,HypoDD,0.36,NA,NA,NA,NA
2019-09-26T08:26:32.980000Z,-42.708765,171.665951,7.783,HypoDD,0.87,NA,NA,NA,NA
2019-09-26T09:34:46.890000Z,-42.709916,171.665234,7.309,HypoDD,0.18,NA,NA,NA,NA
2019-09-26T20:44:03.060000Z,-42.709066,171.671631,7.11,HypoDD,0.97,NA,NA,NA,NA
2019-09-26T22:52:29.960000Z,-42.708061,171.665934,7.798,HypoDD,1.49,NA,NA,NA,NA
2019-09-27T07:38:39.380000Z,-42.978918,171.766357,4.98,HypoDD,1.14,NA,NA,NA,NA
2019-09-27T12:17:16.970000Z,-42.708085,171.372559,14.087,HypoDD,4.11,178.6443,52.97065,81.14908,26.8582536207078
2019-09-27T12:19:54.730000Z,-42.706201,171.358903,14.379,HypoDD,1.57,13.64704,37.58388,102.046,27.6704677470805
2019-09-27T13:29:46.170000Z,-42.705326,171.392204,13.092,HypoDD,1.02,NA,NA,NA,NA
2019-09-27T16:30:22.860000Z,-42.704484,171.36639,13.91,HypoDD,2.93,178.1322,52.80059,79.95206,27.6839714516211
2019-09-27T17:29:27.000000Z,-42.68029,171.857536,10.771,HypoDD,1.31,172.9146,78.0593,-16.0013,28.697911701975
2019-09-28T05:08:14.080000Z,-42.704924,171.389502,13.491,HypoDD,1.18,NA,NA,NA,NA
2019-09-28T07:26:16.840000Z,-42.890076,171.666325,10.904,HypoDD,1.13,NA,NA,NA,NA
2019-09-28T14:50:00.020000Z,-42.708301,171.665951,7.885,HypoDD,1.44,NA,NA,NA,NA
2019-09-28T23:07:44.900000Z,-42.711247,171.368099,14.135,HypoDD,3.34,178.9036,52.64728,81.85558,27.6694066375582
2019-09-29T14:07:39.740000Z,-42.705021,171.357812,14.025,HypoDD,2.59,359.3756,17.62544,99.35526,28.7663464386905
2019-09-30T06:25:43.790000Z,-42.762528,171.484749,5.805,HypoDD,1.09,NA,NA,NA,NA
2019-09-30T06:25:47.970000Z,-42.764779,171.480713,6.358,HypoDD,1.27,NA,NA,NA,NA
2019-09-30T12:35:15.766473Z,-42.73416,171.718744,8.211,NonLinLoc,1.52,218.4929,58.83391,107.9411,29.6530538208252
2019-09-30T13:17:46.940000Z,-42.63324,171.826628,9.83,HypoDD,0.56,NA,NA,NA,NA
2019-09-30T22:42:54.000000Z,-42.705355,171.886214,7.018,HypoDD,1.68,NA,NA,NA,NA
2019-10-01T07:47:43.246536Z,-42.733809,171.712618,7.843,NonLinLoc,0.49,NA,NA,NA,NA
2019-10-02T11:46:51.070000Z,-42.896916,171.837842,11.782,HypoDD,0.96,NA,NA,NA,NA
2019-10-02T12:13:13.960000Z,-42.759937,171.480485,7.254,HypoDD,0.79,NA,NA,NA,NA
2019-10-02T21:09:10.900000Z,-42.644926,171.948747,11.743,HypoDD,0.91,NA,NA,NA,NA
2019-10-03T01:20:14.890000Z,-42.720243,171.959131,3.643,HypoDD,0.92,NA,NA,NA,NA
2019-10-03T14:17:34.690000Z,-42.67406,171.710612,9.21,HypoDD,0.32,NA,NA,NA,NA
2019-10-04T20:48:41.686618Z,-42.670878,171.394019,6.975,NonLinLoc,0.96,NA,NA,NA,NA
2019-10-05T05:34:17.790000Z,-42.708085,171.363623,13.876,HypoDD,2.63,178.0575,52.93439,80.17773,27.6485082588854
2019-10-05T19:54:59.840000Z,-42.7146,171.695247,6.865,HypoDD,0.67,NA,NA,NA,NA
2019-10-05T20:06:22.080000Z,-42.773726,171.944661,8.006,HypoDD,0.56,NA,NA,NA,NA
2019-10-06T03:44:36.920000Z,-42.780937,171.394141,10.47,HypoDD,0.57,NA,NA,NA,NA
2019-10-06T06:21:00.840000Z,-42.721342,171.742139,6.733,HypoDD,0.51,NA,NA,NA,NA
2019-10-07T12:18:22.040000Z,-42.674845,171.898063,11.019,HypoDD,0.71,NA,NA,NA,NA
2019-10-07T23:52:28.280000Z,-42.75603,171.719645,8.855,HypoDD,1.32,293.3051,88.27964,-155.145,27.785980492968
2019-10-08T08:15:17.950000Z,-42.923031,171.81984,12.892,HypoDD,1.78,170.0254,41.71981,51.04305,30.0447247527913
2019-10-08T21:15:32.000000Z,-42.677559,171.855306,11.652,HypoDD,1.06,NA,NA,NA,NA
2019-10-09T22:38:12.960000Z,-42.86543,171.619108,8.343,HypoDD,1.21,NA,NA,NA,NA
2019-10-10T11:45:54.110000Z,-42.776815,171.727083,5.867,HypoDD,0.28,NA,NA,NA,NA
2019-10-10T14:51:26.460000Z,-42.764974,171.730778,2.361,HypoDD,1.67,185.1496,35.87167,38.59664,26.3152078797508
2019-10-10T16:07:53.340142Z,-42.746573,171.81542,0.515,NonLinLoc,0.46,NA,NA,NA,NA
2019-10-11T16:37:58.140000Z,-42.884005,171.714046,11.253,HypoDD,0.9,NA,NA,NA,NA
2019-10-12T07:34:16.864811Z,-42.736139,171.676308,8.363,NonLinLoc,0.21,NA,NA,NA,NA
2019-10-12T12:30:03.040000Z,-42.779378,171.618066,7.863,HypoDD,0.28,NA,NA,NA,NA
2019-10-12T15:01:10.030000Z,-42.689083,171.834391,10.957,HypoDD,0.82,169.6496,74.23352,-14.7592,27.9823905991285
2019-10-12T16:13:26.970000Z,-42.885616,171.66805,11.446,HypoDD,0.76,NA,NA,NA,NA
2019-10-12T19:42:30.200000Z,-42.678153,171.83488,12.695,HypoDD,0.51,NA,NA,NA,NA
2019-10-13T04:47:36.070000Z,-42.778398,171.606771,6.833,HypoDD,0.25,NA,NA,NA,NA
2019-10-13T21:07:07.920000Z,-42.709391,171.370785,13.913,HypoDD,1.59,170.5201,54.06247,69.48679,29.4128873295709
2019-10-13T21:50:56.420000Z,-42.673246,171.858171,10.814,HypoDD,0.49,NA,NA,NA,NA
2019-10-14T13:29:23.880000Z,-42.764001,171.640739,7.847,HypoDD,0.49,NA,NA,NA,NA
2019-10-14T15:04:49.000000Z,-42.650802,171.21805,23.415,HypoDD,1.11,NA,NA,NA,NA
2019-10-14T15:31:08.662509Z,-42.844885,171.489853,5.501,NonLinLoc,1.02,NA,NA,NA,NA
2019-10-14T16:15:05.586336Z,-42.758224,171.471351,7.236,NonLinLoc,0.15,NA,NA,NA,NA
2019-10-15T17:43:44.720000Z,-42.695719,171.877148,10.145,HypoDD,0.88,202.2819,80.04571,-10.3106,29.771195277899
2019-10-15T20:30:23.160000Z,-42.772196,171.673747,7.747,HypoDD,0.87,253.2954,46.88859,-169.552,29.0880614482634
2019-10-15T23:34:30.980000Z,-42.889299,171.639665,11.903,HypoDD,0.56,NA,NA,NA,NA
2019-10-16T07:42:39.738341Z,-42.876165,171.629201,8.71,NonLinLoc,0.35,NA,NA,NA,NA
2019-10-16T22:36:49.080000Z,-42.772506,171.678402,7.934,HypoDD,0.46,NA,NA,NA,NA
2019-10-17T10:49:23.960000Z,-42.70944,171.373177,13.922,HypoDD,3.79,169.8325,54.38337,68.92555,26.0049103259958
2019-10-17T11:36:33.100000Z,-42.710213,171.385042,13.893,HypoDD,1.35,22.84632,62.92529,119.4188,29.0835918318359
2019-10-17T12:21:29.920000Z,-42.718807,171.391748,14.374,HypoDD,0.54,NA,NA,NA,NA
2019-10-17T16:32:26.000000Z,-42.710905,171.372428,14.042,HypoDD,1.61,170.3391,54.03595,69.72482,26.8128432329333
2019-10-17T21:52:39.080000Z,-42.709481,171.383008,13.844,HypoDD,1.91,NA,NA,NA,NA
2019-10-18T14:16:22.692581Z,-42.906615,171.921289,10.748,NonLinLoc,1.32,NA,NA,NA,NA
2019-10-19T02:48:53.214002Z,-42.745388,171.717836,5.414,NonLinLoc,-0.04,NA,NA,NA,NA
2019-10-19T04:06:27.000000Z,-42.706828,171.384733,13.667,HypoDD,0.47,NA,NA,NA,NA
2019-10-19T05:27:43.480000Z,-42.80505,171.461898,7.824,HypoDD,0.88,NA,NA,NA,NA
2019-10-19T07:14:50.960000Z,-42.743974,171.746484,12.362,HypoDD,0.48,NA,NA,NA,NA
2019-10-19T09:57:25.780000Z,-42.754146,171.721989,7.757,HypoDD,0.57,NA,NA,NA,NA
2019-10-19T13:58:02.920000Z,-42.84908,171.642627,7.866,HypoDD,0.32,NA,NA,NA,NA
2019-10-19T17:50:54.820000Z,-42.836637,171.446859,1.658,HypoDD,0.35,NA,NA,NA,NA
2019-10-19T21:15:41.800000Z,-42.699642,171.74043,10.301,HypoDD,0.94,NA,NA,NA,NA
2019-10-20T00:51:16.940000Z,-42.934664,171.945768,15.293,HypoDD,2.27,342.3878,84.63404,26.02772,30.000451143149
2019-10-20T09:42:50.750000Z,-42.758838,171.67583,8.567,HypoDD,0.59,NA,NA,NA,NA
2019-10-21T04:22:12.660000Z,-42.698669,171.706152,8.269,HypoDD,0.6,NA,NA,NA,NA
2019-10-21T17:20:56.680000Z,-42.703898,171.344531,12.071,HypoDD,0.53,NA,NA,NA,NA
2019-10-22T10:15:12.425052Z,-42.746128,171.636691,-1.046,NonLinLoc,0.31,NA,NA,NA,NA
2019-10-22T13:50:05.980000Z,-42.883805,171.57902,8.077,HypoDD,0.67,NA,NA,NA,NA
2019-10-22T15:42:08.950000Z,-42.861198,171.652327,5.309,HypoDD,0.85,NA,NA,NA,NA
2019-10-22T20:04:58.080000Z,-42.776628,171.861182,14.709,HypoDD,1.82,NA,NA,NA,NA
2019-10-23T07:40:33.810000Z,-42.570142,171.912923,11.095,HypoDD,1.29,NA,NA,NA,NA
2019-10-23T09:27:12.760000Z,-42.923189,171.819173,14.987,HypoDD,0.91,NA,NA,NA,NA
2019-10-23T09:28:12.870000Z,-43.007357,171.849398,17.376,HypoDD,1.07,NA,NA,NA,NA
2019-10-23T13:23:39.830000Z,-42.755725,171.590641,1.021,HypoDD,0.16,NA,NA,NA,NA
2019-10-23T19:04:10.200000Z,-42.909432,171.659945,11.797,HypoDD,0.96,NA,NA,NA,NA
2019-10-24T03:05:00.930000Z,-42.98151,171.748177,17.405,HypoDD,2,NA,NA,NA,NA
2019-10-24T07:27:46.650000Z,-42.672742,171.792757,8.122,HypoDD,0.9,NA,NA,NA,NA
2019-10-24T11:08:48.210000Z,-42.904647,171.837419,6.333,HypoDD,0.77,NA,NA,NA,NA
2019-10-25T08:15:37.860000Z,-42.799284,171.652734,7.381,HypoDD,0.76,NA,NA,NA,NA
2019-10-25T08:24:10.840000Z,-42.798047,171.651742,7.114,HypoDD,0.31,NA,NA,NA,NA
2019-10-25T11:49:22.909010Z,-42.69722,171.656214,8.146,NonLinLoc,0.08,NA,NA,NA,NA
2019-10-25T16:00:52.250000Z,-42.876017,171.621973,7.877,HypoDD,1.58,251.8667,65.4768,-177.319,27.6014594063975
2019-10-25T21:49:36.700000Z,-42.678092,171.860807,9.704,HypoDD,0.88,NA,NA,NA,NA
2019-10-26T05:15:37.850000Z,-42.753495,171.727409,5.377,HypoDD,0.74,NA,NA,NA,NA
2019-10-26T06:47:02.810000Z,-42.907511,171.664372,11.81,HypoDD,0.99,NA,NA,NA,NA
2019-10-26T20:09:09.538060Z,-42.758613,171.627768,6.455,NonLinLoc,0.46,NA,NA,NA,NA
2019-10-26T23:09:07.120000Z,-42.814856,171.593652,7.927,HypoDD,0.94,NA,NA,NA,NA
2019-10-27T02:05:30.080000Z,-42.818058,171.595898,7.859,HypoDD,0.71,NA,NA,NA,NA
2019-10-27T13:42:00.280000Z,-42.732092,171.689746,9.395,HypoDD,0.66,NA,NA,NA,NA
2019-10-27T19:51:07.760629Z,-42.764665,171.951311,6.932,NonLinLoc,1.4,NA,NA,NA,NA
2019-10-27T21:58:45.240000Z,-42.762874,171.666895,6.157,HypoDD,0.34,NA,NA,NA,NA
2019-10-28T03:10:47.810000Z,-42.783097,171.614893,8.092,HypoDD,0.59,NA,NA,NA,NA
2019-10-28T20:25:05.880000Z,-42.796574,171.649268,7.556,HypoDD,0.64,NA,NA,NA,NA
2019-10-29T00:01:21.920000Z,-42.796375,171.64917,7.541,HypoDD,0.7,NA,NA,NA,NA
2019-10-29T09:03:52.293885Z,-42.742114,171.699236,6.889,NonLinLoc,0.75,NA,NA,NA,NA
2019-10-29T21:02:31.402740Z,-42.752556,171.652555,4.482,NonLinLoc,0.3,NA,NA,NA,NA
2019-10-30T00:44:40.250000Z,-42.867228,171.621712,8.19,HypoDD,1.16,NA,NA,NA,NA
2019-10-30T04:51:44.910000Z,-42.8099,171.634066,6.778,HypoDD,0.61,NA,NA,NA,NA
2019-10-30T07:04:16.402389Z,-42.938205,171.427576,9.36,NonLinLoc,0.92,NA,NA,NA,NA
2019-10-30T21:24:58.175455Z,-43.009645,171.707659,18.639,NonLinLoc,0.81,NA,NA,NA,NA
2019-11-01T05:28:54.250000Z,-42.698511,171.771598,10.729,HypoDD,0.72,NA,NA,NA,NA
2019-11-01T06:01:50.990000Z,-42.684534,171.879102,10.877,HypoDD,1.97,196.2151,82.34952,11.7188,28.1232683428499
2019-11-01T12:00:33.348800Z,-42.757264,171.788074,2.249,NonLinLoc,0.65,NA,NA,NA,NA
2019-11-01T16:39:56.070000Z,-42.684713,171.877035,10.784,HypoDD,0.35,NA,NA,NA,NA
2019-11-01T18:56:48.967769Z,-42.818751,171.851219,1.382,NonLinLoc,0.37,NA,NA,NA,NA
2019-11-01T21:55:59.000000Z,-42.677043,171.874512,9.982,HypoDD,0.86,NA,NA,NA,NA
2019-11-02T09:03:18.990000Z,-42.770394,171.616536,8.666,HypoDD,0.07,NA,NA,NA,NA
2019-11-02T21:18:15.680000Z,-42.724662,171.741878,7.175,HypoDD,-0.11,NA,NA,NA,NA
2019-11-02T22:02:49.240000Z,-42.690971,171.759456,11.277,HypoDD,0.49,NA,NA,NA,NA
2019-11-03T00:46:23.800000Z,-42.766683,171.672461,6.401,HypoDD,0.35,NA,NA,NA,NA
2019-11-03T03:47:20.880000Z,-42.981405,171.688477,13.49,HypoDD,0.83,NA,NA,NA,NA
2019-11-03T05:40:10.781234Z,-42.763979,171.729851,6.715,NonLinLoc,0.58,NA,NA,NA,NA
2019-11-03T11:25:45.850000Z,-42.765625,171.672949,6.407,HypoDD,0.65,NA,NA,NA,NA
2019-11-04T01:23:33.870000Z,-42.748877,171.729281,7.311,HypoDD,0.62,NA,NA,NA,NA
2019-11-04T05:47:18.890000Z,-42.630086,171.835547,10.318,HypoDD,0.76,NA,NA,NA,NA
2019-11-04T06:59:42.140000Z,-42.904073,171.906429,13.842,HypoDD,1.85,252.0825,39.76675,166.7722,29.5830540426856
2019-11-04T07:10:29.920000Z,-42.711312,171.369043,14.169,HypoDD,2.65,14.57396,39.00134,97.35583,27.2365960726647
2019-11-04T07:26:50.930000Z,-42.911397,171.907454,14.058,HypoDD,1.44,168.3845,45.75673,60.76787,30.4132340884825
2019-11-04T11:34:51.790000Z,-42.785246,171.628923,7.919,HypoDD,0.33,NA,NA,NA,NA
2019-11-05T00:23:59.659969Z,-42.85678,171.676107,26.964,NonLinLoc,0.99,NA,NA,NA,NA
2019-11-05T06:47:35.910000Z,-42.911206,171.819499,11.955,HypoDD,0.76,NA,NA,NA,NA
2019-11-05T14:32:51.304760Z,-42.614387,171.554822,-1.827,NonLinLoc,0.24,NA,NA,NA,NA
2019-11-05T17:00:22.680000Z,-42.703532,171.808415,9.012,HypoDD,0.96,NA,NA,NA,NA
2019-11-06T06:17:46.860000Z,-42.797042,171.647868,7.313,HypoDD,0.89,NA,NA,NA,NA
2019-11-07T18:53:05.720000Z,-42.678499,171.863053,10.041,HypoDD,1.27,NA,NA,NA,NA
2019-11-08T21:31:20.080000Z,-42.867904,171.621322,8.232,HypoDD,1.16,NA,NA,NA,NA
2019-11-09T18:17:55.000000Z,-42.744112,171.354378,10.432,HypoDD,1.81,335.546,28.67529,41.20061,30.2023851071733
2019-11-12T06:27:42.312292Z,-42.705879,171.892455,9.013,NonLinLoc,1.25,NA,NA,NA,NA
2019-11-12T23:43:01.149489Z,-42.786563,171.563474,-1.827,NonLinLoc,0.15,NA,NA,NA,NA
2019-11-15T05:22:42.050000Z,-42.841541,171.794076,7.876,HypoDD,0.74,NA,NA,NA,NA
2019-11-16T06:00:40.030000Z,-42.681425,171.86652,9.932,HypoDD,1.84,12.81986,88.49836,12.92332,30.4115195954267
2019-11-17T06:24:48.090000Z,-42.749902,171.741243,9.193,HypoDD,1,NA,NA,NA,NA
2019-11-17T16:32:40.575029Z,-42.968987,171.691361,15.43,NonLinLoc,1.23,NA,NA,NA,NA
2019-11-18T06:34:21.050000Z,-42.916252,171.431689,12.881,HypoDD,1.29,NA,NA,NA,NA
2019-11-18T08:51:27.820000Z,-42.765653,171.671598,7.294,HypoDD,0.75,NA,NA,NA,NA
2019-11-18T19:49:39.880000Z,-42.867965,171.620085,8.174,HypoDD,0.93,NA,NA,NA,NA
2019-11-19T06:23:25.401095Z,-42.728923,171.371101,12.699,NonLinLoc,1.86,NA,NA,NA,NA
2019-11-19T12:38:56.423862Z,-42.75042,171.685849,6.629,NonLinLoc,1.52,NA,NA,NA,NA
2019-11-20T10:50:15.750000Z,-42.723234,171.748145,7.882,HypoDD,1.17,NA,NA,NA,NA
2019-11-20T16:09:01.430000Z,-42.7658,171.732454,2.388,HypoDD,1.4,183.6222,43.61843,33.44245,28.9626745221014
2019-11-21T07:15:16.820000Z,-42.962752,171.800114,6.588,HypoDD,1.36,NA,NA,NA,NA
2019-11-21T15:02:34.760000Z,-42.658748,171.881576,9.733,HypoDD,0.72,NA,NA,NA,NA
2019-11-21T21:26:09.260000Z,-42.568998,171.908057,11.586,HypoDD,0.98,NA,NA,NA,NA
2019-11-22T19:29:36.940000Z,-42.958488,171.438005,8.359,HypoDD,0.87,NA,NA,NA,NA
2019-11-23T00:15:56.050000Z,-42.65037,171.939063,13.059,HypoDD,2.72,108.235,60.16781,178.2823,30.1286855091731
2019-11-23T06:30:20.780000Z,-42.683655,171.878711,10.166,HypoDD,0.46,NA,NA,NA,NA
2019-11-23T12:49:54.170000Z,-42.750602,171.791683,5.253,HypoDD,0.15,NA,NA,NA,NA
2019-11-23T22:34:09.920000Z,-42.877393,171.722949,17.162,HypoDD,1.12,NA,NA,NA,NA
2019-11-24T02:08:22.840000Z,-42.707141,171.740576,5.609,HypoDD,0.69,NA,NA,NA,NA
2019-11-25T11:51:44.710000Z,-42.677185,171.86735,8.84,HypoDD,0.91,NA,NA,NA,NA
2019-11-25T13:11:05.830000Z,-42.772298,171.661068,5.003,HypoDD,0.68,NA,NA,NA,NA
2019-11-25T14:29:43.140000Z,-42.725085,171.748389,7.59,HypoDD,0.24,NA,NA,NA,NA
2019-11-26T11:54:31.760564Z,-42.745203,171.697513,7.452,NonLinLoc,0.62,NA,NA,NA,NA
2019-11-26T13:50:44.720000Z,-42.661141,171.936361,0.712,HypoDD,0.68,NA,NA,NA,NA
2019-11-26T15:54:34.820000Z,-42.739909,171.57557,9.632,HypoDD,0.43,NA,NA,NA,NA
2019-11-26T16:28:57.990000Z,-42.739038,171.627946,3.565,HypoDD,0.61,NA,NA,NA,NA
2019-11-26T17:09:14.760000Z,-42.742289,171.582992,10.424,HypoDD,0.25,NA,NA,NA,NA
2019-11-26T19:43:12.781820Z,-42.912016,171.929991,15.951,NonLinLoc,1.43,NA,NA,NA,NA
2019-11-26T21:01:21.040000Z,-42.929626,171.458122,9.374,HypoDD,1.74,NA,NA,NA,NA
2019-11-27T03:27:48.060000Z,-42.651444,171.941227,12.797,HypoDD,2.28,186.1101,75.80557,-15.8622,30.8102784077063
2019-11-27T11:51:36.100000Z,-42.815918,171.805794,12.172,HypoDD,0.74,NA,NA,NA,NA
2019-11-27T23:12:42.000000Z,-42.71851,171.902002,9.378,HypoDD,0.76,NA,NA,NA,NA
2019-11-28T04:11:32.850000Z,-42.847514,171.616357,9.034,HypoDD,0.39,NA,NA,NA,NA
2019-11-28T13:21:23.650000Z,-42.760787,171.684342,8.754,HypoDD,0.61,NA,NA,NA,NA
2019-11-28T21:30:29.060000Z,-42.649211,171.942253,13.293,HypoDD,1.05,NA,NA,NA,NA
2019-11-29T04:08:10.020000Z,-42.684204,171.874967,10.302,HypoDD,2.89,12.91902,88.14746,12.85527,29.2413862472902
2019-11-29T06:19:36.810000Z,-42.976969,171.504346,7.251,HypoDD,1.35,NA,NA,NA,NA
2019-11-29T19:29:26.400000Z,-42.762227,171.834082,11.131,HypoDD,1.1,NA,NA,NA,NA
2019-11-30T10:24:15.880000Z,-42.88173,171.712402,13.426,HypoDD,0.44,NA,NA,NA,NA
2019-12-01T00:07:55.490000Z,-42.729834,171.777279,3.757,HypoDD,0.6,NA,NA,NA,NA
2019-12-01T13:26:08.850000Z,-42.720447,171.700374,8.511,HypoDD,0.76,NA,NA,NA,NA
2019-12-01T19:07:46.020000Z,-42.672099,171.936898,12.718,HypoDD,0.96,NA,NA,NA,NA
2019-12-02T21:00:38.040000Z,-42.758044,171.945036,11.878,HypoDD,1.8,235.1622,80.53714,162.3717,31.1878291416166
2019-12-04T14:34:57.423095Z,-42.792373,171.844459,14.563,NonLinLoc,1.39,NA,NA,NA,NA
2019-12-04T17:32:19.860000Z,-42.721615,171.708415,8.383,HypoDD,0.75,NA,NA,NA,NA
2019-12-05T20:09:26.200000Z,-42.787382,171.93234,10.495,HypoDD,0.92,NA,NA,NA,NA
2019-12-05T21:01:21.140000Z,-42.745374,171.73361,10.668,HypoDD,2.17,70.40575,70.23729,129.3194,29.6826154822349
2019-12-06T06:28:51.730000Z,-42.623336,171.835889,9.782,HypoDD,0.86,NA,NA,NA,NA
2019-12-06T06:54:23.850000Z,-42.925216,171.628906,7.201,HypoDD,0.87,NA,NA,NA,NA
2019-12-06T09:24:59.960000Z,-42.706014,171.734505,6.634,HypoDD,1.18,NA,NA,NA,NA
2019-12-06T09:41:01.850000Z,-42.708508,171.747201,6.758,HypoDD,0.05,NA,NA,NA,NA
2019-12-07T13:35:42.950000Z,-42.928788,171.416862,5.34,HypoDD,2.45,255.1545,75.5278,-153.137,30.9230314150259
2019-12-07T16:06:41.760000Z,-42.72533,171.926693,12.719,HypoDD,0.98,NA,NA,NA,NA
2019-12-08T13:43:39.045045Z,-42.932622,171.887322,13.436,NonLinLoc,1.12,NA,NA,NA,NA
2019-12-08T13:49:36.290000Z,-42.7613,171.750293,8.692,HypoDD,2.33,326.9933,73.92911,-35.5536,31.0519154863978
2019-12-08T13:51:38.250000Z,-42.759253,171.756738,8.586,HypoDD,0.62,NA,NA,NA,NA
2019-12-08T15:32:15.120000Z,-42.886076,171.770671,10.458,HypoDD,1.14,NA,NA,NA,NA
2019-12-09T08:49:02.604163Z,-42.882899,171.686845,11.788,NonLinLoc,0.79,NA,NA,NA,NA
2019-12-09T10:44:46.250000Z,-42.855619,171.658659,5.448,HypoDD,0.37,NA,NA,NA,NA
2019-12-10T09:05:47.264916Z,-42.887599,171.846055,10.227,NonLinLoc,0.73,NA,NA,NA,NA
2019-12-10T15:29:57.205704Z,-42.749792,171.811685,3.81,NonLinLoc,0.59,NA,NA,NA,NA
2019-12-10T16:27:23.180000Z,-42.779118,171.722282,6.763,HypoDD,0.14,NA,NA,NA,NA
2019-12-11T03:22:59.080000Z,-42.648861,171.939453,12.656,HypoDD,1.06,NA,NA,NA,NA
2019-12-11T03:27:03.050000Z,-42.64978,171.939746,12.222,HypoDD,1.31,NA,NA,NA,NA
2019-12-12T01:52:24.840000Z,-42.933797,171.56486,9.213,HypoDD,1.83,7.012632,88.85718,9.730051,28.3007929555758
2019-12-12T15:40:47.210000Z,-42.777401,171.713737,7.546,HypoDD,0.77,NA,NA,NA,NA
2019-12-12T20:11:06.840000Z,-42.707751,171.746436,6.992,HypoDD,0.37,NA,NA,NA,NA
2019-12-12T22:35:55.000000Z,-42.520829,171.594189,13.334,HypoDD,2.11,67.17797,86.2735,118.3071,28.495749811945
2019-12-13T10:06:02.930000Z,-42.865885,171.61512,7.865,HypoDD,0.69,NA,NA,NA,NA
2019-12-13T16:14:09.420000Z,-42.863224,171.727311,9.363,HypoDD,0.84,NA,NA,NA,NA
2019-12-13T21:27:22.040000Z,-42.681576,171.866634,10.434,HypoDD,0.93,NA,NA,NA,NA
2019-12-13T21:28:36.000000Z,-42.684041,171.948161,3.471,HypoDD,0.6,NA,NA,NA,NA
2019-12-14T07:53:10.090000Z,-42.782992,171.64764,8.68,HypoDD,1.13,129.5345,68.60962,-43.6434,29.9689702570116
2019-12-14T12:46:20.020000Z,-42.752702,171.719515,6.655,HypoDD,1.22,327.5012,85.15613,-14.7288,31.1109744114469
2019-12-14T14:28:28.120000Z,-42.838354,171.912191,11.28,HypoDD,0.63,NA,NA,NA,NA
2019-12-14T22:22:59.720000Z,-42.673319,171.796289,8.12,HypoDD,0.22,NA,NA,NA,NA
2019-12-14T23:35:53.880000Z,-42.796012,171.637516,7.045,HypoDD,0.7,NA,NA,NA,NA
2019-12-15T12:14:58.000000Z,-42.51967,171.594303,13.496,HypoDD,2.39,256.874,79.00385,-120.53,29.7224528804837
2019-12-15T17:50:44.080000Z,-42.725745,171.746468,5.712,HypoDD,0.11,NA,NA,NA,NA
2019-12-15T21:11:49.120000Z,-42.782829,171.726335,9.11,HypoDD,0.7,NA,NA,NA,NA
2019-12-16T04:56:39.080000Z,-42.649434,171.938949,12.795,HypoDD,1.43,NA,NA,NA,NA
2019-12-16T12:21:59.000000Z,-42.692013,171.881527,7.682,HypoDD,1.07,NA,NA,NA,NA
2019-12-16T15:01:10.940000Z,-42.866882,171.619255,7.91,HypoDD,0.81,NA,NA,NA,NA
2019-12-16T15:06:27.010000Z,-42.668738,171.875326,11.549,HypoDD,0.81,NA,NA,NA,NA
2019-12-17T17:01:51.080000Z,-42.685958,171.959473,6.473,HypoDD,0.73,NA,NA,NA,NA
2019-12-17T19:09:19.040000Z,-42.666988,171.868945,11.961,HypoDD,0.68,NA,NA,NA,NA
2019-12-17T22:47:13.300000Z,-42.938151,171.864274,13.346,HypoDD,1.22,NA,NA,NA,NA
2019-12-18T05:55:57.800000Z,-42.810787,171.450423,9.769,HypoDD,1.8,271.1769,28.05786,-131.384,28.338375827191
2019-12-18T06:16:22.380000Z,-42.901522,171.39082,12.159,HypoDD,1.12,NA,NA,NA,NA
2019-12-18T08:27:19.881126Z,-42.681943,171.894053,3.377,NonLinLoc,0.79,NA,NA,NA,NA
2019-12-18T16:16:48.920000Z,-42.776095,171.616683,7.536,HypoDD,0.32,NA,NA,NA,NA
2019-12-18T18:31:41.680000Z,-42.812203,171.450146,9.48,HypoDD,0.93,NA,NA,NA,NA
2019-12-18T20:49:05.960000Z,-42.834229,171.89362,8.929,HypoDD,1.04,NA,NA,NA,NA
2019-12-19T11:47:52.140000Z,-42.939132,171.455876,13.405,HypoDD,1.88,NA,NA,NA,NA
2019-12-20T00:58:21.450000Z,-42.874788,171.618555,7.787,HypoDD,0.57,NA,NA,NA,NA
2019-12-20T22:33:17.960000Z,-42.751933,171.712109,6.013,HypoDD,0.45,NA,NA,NA,NA
2019-12-22T10:14:15.760000Z,-42.677641,171.702767,11.626,HypoDD,0.55,NA,NA,NA,NA
2019-12-22T12:02:11.960000Z,-42.677625,171.702474,11.599,HypoDD,0.74,NA,NA,NA,NA
2019-12-23T10:08:41.080000Z,-42.766073,171.674284,6.845,HypoDD,0.91,NA,NA,NA,NA
2019-12-23T12:39:37.240000Z,-42.980448,171.417236,12.274,HypoDD,1.21,NA,NA,NA,NA
2019-12-23T19:08:01.800000Z,-42.72122,171.82417,2.87,HypoDD,1.43,NA,NA,NA,NA
2019-12-24T01:54:25.920000Z,-42.884705,171.644043,10.021,HypoDD,0.62,NA,NA,NA,NA
2019-12-24T10:11:03.240000Z,-42.967961,171.741423,12.74,HypoDD,1.16,NA,NA,NA,NA
2019-12-24T14:25:18.220000Z,-42.968327,171.745231,12.909,HypoDD,2.17,183.1053,72.34202,-4.35657,29.9654780597987
2019-12-24T15:16:22.300000Z,-42.784534,171.650667,11.787,HypoDD,0.86,NA,NA,NA,NA
2019-12-24T16:04:03.210000Z,-42.969287,171.745264,13.094,HypoDD,1.74,189.8927,72.54022,-6.62315,30.752882142164
2019-12-24T16:37:16.230000Z,-42.968453,171.739665,12.529,HypoDD,1.24,NA,NA,NA,NA
2019-12-25T10:42:49.020000Z,-42.689787,171.874398,11.034,HypoDD,0.65,NA,NA,NA,NA
2019-12-25T13:34:53.080000Z,-42.783752,171.646989,8.74,HypoDD,1.06,NA,NA,NA,NA
2019-12-25T14:29:03.090000Z,-42.764591,171.717969,7.814,HypoDD,0.72,2.341176,34.13571,71.60533,30.8367466462277
2019-12-25T15:23:17.100000Z,-42.704879,171.828743,9.677,HypoDD,0.45,NA,NA,NA,NA
2019-12-26T07:03:13.080000Z,-42.870504,171.619873,8.895,HypoDD,0.65,2.862215,72.02329,39.38631,31.4973554001428
2019-12-26T18:34:24.160000Z,-42.867554,171.609684,6.899,HypoDD,0.69,NA,NA,NA,NA
2019-12-26T19:13:16.317501Z,-42.569183,171.979672,1.989,NonLinLoc,2.09,NA,NA,NA,NA
2019-12-26T20:27:02.920000Z,-42.826807,171.45293,5.59,HypoDD,0.87,NA,NA,NA,NA
2019-12-26T21:17:35.120000Z,-42.946806,171.523861,9.885,HypoDD,1.7,88.24294,80.92061,-169.825,30.4097049009795
2019-12-27T01:18:25.880000Z,-42.877205,171.646403,11.232,HypoDD,0.93,NA,NA,NA,NA
2019-12-27T07:48:17.820000Z,-42.857381,171.626107,10.52,HypoDD,1.08,2.677214,72.81341,36.96046,31.4382394924604
2019-12-28T00:18:09.950000Z,-42.876424,171.650358,11.35,HypoDD,1.31,NA,NA,NA,NA
2019-12-28T03:26:42.890000Z,-42.968107,171.759912,12.84,HypoDD,1.51,NA,NA,NA,NA
2019-12-28T09:55:30.060000Z,-42.707865,171.830599,10.393,HypoDD,1.84,195.9075,86.50234,46.50658,29.8771573772737
2019-12-29T00:06:03.250235Z,-42.734697,171.745189,6.889,NonLinLoc,0.98,NA,NA,NA,NA
2019-12-29T02:48:35.855928Z,-42.733476,171.741006,6.759,NonLinLoc,1.81,NA,NA,NA,NA
2019-12-29T05:30:48.600000Z,-42.737016,171.792204,7.99,HypoDD,0.93,NA,NA,NA,NA
2019-12-30T11:42:44.158363Z,-42.727334,171.651075,-1.046,NonLinLoc,0.08,NA,NA,NA,NA
2019-12-30T18:32:59.000000Z,-42.744389,171.691878,5.456,HypoDD,0.85,NA,NA,NA,NA
2019-12-30T22:26:06.040000Z,-42.684021,171.875618,10.013,HypoDD,0.79,NA,NA,NA,NA
2019-12-31T06:13:23.840000Z,-42.711523,171.760807,10.441,HypoDD,0,NA,NA,NA,NA
2019-12-31T07:54:34.300000Z,-42.89141,171.77373,11.932,HypoDD,0.92,NA,NA,NA,NA
2019-12-31T08:19:02.960000Z,-42.707857,171.877132,2.223,HypoDD,0.38,NA,NA,NA,NA
2019-12-31T09:55:01.990000Z,-42.700928,171.880745,2.253,HypoDD,0.59,NA,NA,NA,NA
2019-12-31T20:04:19.920000Z,-42.616789,171.800326,10.429,HypoDD,0.18,NA,NA,NA,NA
2019-12-31T22:24:31.960000Z,-42.745203,171.692822,5.326,HypoDD,0.34,NA,NA,NA,NA
2020-01-01T06:49:48.001478Z,-42.882381,171.694934,11.441,NonLinLoc,0.62,NA,NA,NA,NA
2020-01-01T09:42:20.360000Z,-42.751619,171.737484,5.998,HypoDD,0.21,NA,NA,NA,NA
2020-01-01T14:34:47.120000Z,-42.868209,171.625081,7.254,HypoDD,0.32,NA,NA,NA,NA
2020-01-01T15:41:21.740000Z,-42.90789,171.594743,8.336,HypoDD,0.51,NA,NA,NA,NA
2020-01-02T07:50:38.900000Z,-42.740149,171.713086,7.054,HypoDD,0.6,NA,NA,NA,NA
2020-01-03T08:26:38.480000Z,-42.712984,171.497673,7.908,HypoDD,0.5,NA,NA,NA,NA
2020-01-03T08:26:38.540000Z,-42.712996,171.497673,7.908,HypoDD,0.62,NA,NA,NA,NA
2020-01-03T16:16:19.290000Z,-42.753809,171.669775,8.51,HypoDD,0.69,NA,NA,NA,NA
2020-01-03T16:16:19.320000Z,-42.753829,171.669824,8.519,HypoDD,0.89,NA,NA,NA,NA
2020-01-03T19:48:47.040000Z,-42.75568,171.672005,8.902,HypoDD,0.97,NA,NA,NA,NA
2020-01-03T19:48:47.320000Z,-42.755713,171.672152,8.909,HypoDD,0.86,NA,NA,NA,NA
2020-01-04T04:26:33.700000Z,-42.771187,171.430501,7.393,HypoDD,1.13,NA,NA,NA,NA
2020-01-04T04:26:34.680000Z,-42.771191,171.430485,7.392,HypoDD,1.23,NA,NA,NA,NA
2020-01-04T07:17:19.651416Z,-42.894295,171.834528,9.794,NonLinLoc,0.92,NA,NA,NA,NA
2020-01-04T10:37:56.910000Z,-42.738094,171.494271,6.952,HypoDD,0.41,NA,NA,NA,NA
2020-01-04T10:37:56.940000Z,-42.738062,171.494287,6.952,HypoDD,0.37,NA,NA,NA,NA
2020-01-04T12:23:04.670000Z,-42.762236,171.701042,2.027,HypoDD,0.33,NA,NA,NA,NA
2020-01-04T12:23:04.810000Z,-42.762203,171.700977,2.024,HypoDD,0.33,NA,NA,NA,NA
2020-01-04T20:51:11.720000Z,-42.68763,171.863639,9.765,HypoDD,0.55,NA,NA,NA,NA
2020-01-07T03:19:52.940000Z,-42.789425,171.480436,8.239,HypoDD,1.03,NA,NA,NA,NA
2020-01-07T10:29:51.279197Z,-42.816416,171.399698,0.558,NonLinLoc,0.21,NA,NA,NA,NA
2020-01-07T13:03:22.527992Z,-42.754674,171.665965,5.588,NonLinLoc,0.07,NA,NA,NA,NA
2020-01-07T16:44:03.710330Z,-42.834807,171.926064,11.008,NonLinLoc,0.59,NA,NA,NA,NA
2020-01-07T16:50:45.040000Z,-42.696777,171.896647,6.393,HypoDD,0.91,NA,NA,NA,NA
2020-01-07T20:37:20.880000Z,-42.735522,171.590446,0.411,HypoDD,0.5,NA,NA,NA,NA
2020-01-07T22:31:43.040000Z,-42.770431,171.71748,3.293,HypoDD,0.73,NA,NA,NA,NA
2020-01-07T23:02:18.080000Z,-42.683407,171.873421,9.847,HypoDD,1.07,NA,NA,NA,NA
2020-01-08T04:58:46.769286Z,-42.736324,171.696628,5.111,NonLinLoc,0.97,NA,NA,NA,NA
2020-01-08T06:06:11.250000Z,-42.684013,171.85944,10.566,HypoDD,0.87,NA,NA,NA,NA
2020-01-08T09:17:49.335302Z,-42.693373,171.623373,1.035,NonLinLoc,0.08,NA,NA,NA,NA
2020-01-08T18:12:15.740000Z,-42.7054,171.818424,8.394,HypoDD,0.13,NA,NA,NA,NA
2020-01-09T02:48:43.670000Z,-42.690442,171.873682,8.867,HypoDD,0.85,NA,NA,NA,NA
2020-01-09T08:56:10.860000Z,-42.875199,171.69891,10.887,HypoDD,0.68,NA,NA,NA,NA
2020-01-10T09:05:01.859838Z,-42.685421,171.886297,6.759,NonLinLoc,0.75,NA,NA,NA,NA
2020-01-10T15:58:01.170000Z,-42.986003,171.755241,13.95,HypoDD,1.4,NA,NA,NA,NA
2020-01-10T16:42:11.150000Z,-42.713432,171.691976,6.554,HypoDD,0.83,NA,NA,NA,NA
2020-01-10T18:26:34.280000Z,-42.753019,171.703646,8.663,HypoDD,0.3,NA,NA,NA,NA
2020-01-10T20:05:37.780000Z,-42.90378,171.693001,9.936,HypoDD,0.48,NA,NA,NA,NA
2020-01-11T00:47:16.872094Z,-42.64598,171.387608,11.268,NonLinLoc,0.86,NA,NA,NA,NA
2020-01-11T06:12:20.290000Z,-42.752454,171.701107,8.453,HypoDD,1.18,NA,NA,NA,NA
2020-01-11T09:03:34.610000Z,-42.740812,171.667253,8.661,HypoDD,0.69,NA,NA,NA,NA
2020-01-11T13:56:45.030000Z,-42.928149,171.915885,13.567,HypoDD,3.19,340.2371,89.92177,9.200733,30.8877564458091
2020-01-12T15:59:05.260000Z,-42.892069,171.709668,10.372,HypoDD,1.04,NA,NA,NA,NA
2020-01-13T13:57:00.810000Z,-42.723503,171.523079,1.905,HypoDD,0.42,NA,NA,NA,NA
2020-01-13T16:02:11.332428Z,-42.741708,171.751984,6.282,NonLinLoc,0.41,NA,NA,NA,NA
2020-01-13T17:08:50.120000Z,-42.767208,171.67609,6.879,HypoDD,0.52,NA,NA,NA,NA
2020-01-14T04:33:42.840000Z,-42.766329,171.672428,6.776,HypoDD,1.1,NA,NA,NA,NA
2020-01-15T18:32:13.960000Z,-42.927161,171.913086,14.324,HypoDD,1.94,NA,NA,NA,NA
2020-01-16T07:11:20.380726Z,-42.845607,171.61805,10.574,NonLinLoc,0.56,NA,NA,NA,NA
2020-01-16T09:05:25.090000Z,-42.770492,171.676009,6.972,HypoDD,1.61,232.1693,50.20885,119.6254,29.1054400224642
2020-01-17T09:02:20.704025Z,-42.755673,171.743235,5.675,NonLinLoc,0.3,NA,NA,NA,NA
2020-01-17T12:24:21.380868Z,-42.811167,171.830118,0.688,NonLinLoc,0.35,NA,NA,NA,NA
2020-01-17T17:43:16.720000Z,-42.772266,171.681234,7.484,HypoDD,0.41,NA,NA,NA,NA
2020-01-17T23:45:43.940000Z,-42.88116,171.67085,10.389,HypoDD,1.06,234.3258,71.42842,166.7693,29.6314962278075
2020-01-18T04:13:40.020000Z,-42.711047,171.758789,10.478,HypoDD,1.12,NA,NA,NA,NA
2020-01-18T09:52:33.270000Z,-42.829301,171.697493,13.296,HypoDD,0.67,NA,NA,NA,NA
2020-01-18T12:43:01.260000Z,-42.848665,171.606722,3.917,HypoDD,0.4,NA,NA,NA,NA
2020-01-18T18:06:56.000000Z,-42.706759,171.729818,10.262,HypoDD,-0.05,NA,NA,NA,NA
2020-01-19T03:23:12.763460Z,-42.670105,171.892837,3.377,NonLinLoc,0.55,NA,NA,NA,NA
2020-01-19T06:50:42.930000Z,-42.808671,171.90625,10.865,HypoDD,0.64,NA,NA,NA,NA
2020-01-19T09:52:07.090000Z,-42.833285,171.797445,8.266,HypoDD,0.69,NA,NA,NA,NA
2020-01-19T20:14:04.940000Z,-42.779598,171.617041,7.688,HypoDD,0.7,NA,NA,NA,NA
2020-01-20T01:57:01.740000Z,-42.83005,171.451872,4.307,HypoDD,0.63,NA,NA,NA,NA
2020-01-20T02:30:55.060000Z,-42.76543,171.949805,9.816,HypoDD,0.64,NA,NA,NA,NA
2020-01-20T09:35:49.750000Z,-42.763529,171.493066,4.865,HypoDD,0.31,NA,NA,NA,NA
2020-01-20T13:08:49.860000Z,-42.722815,171.824788,3.714,HypoDD,0.38,NA,NA,NA,NA
2020-01-21T01:50:16.440000Z,-42.739058,171.803988,8.47,HypoDD,1.42,NA,NA,NA,NA
2020-01-21T04:42:36.331133Z,-42.76063,171.65437,4.569,NonLinLoc,0.6,NA,NA,NA,NA
2020-01-21T05:38:33.070000Z,-42.849231,171.637484,9.247,HypoDD,0.7,NA,NA,NA,NA
2020-01-21T11:01:31.980000Z,-42.937952,171.621208,7.001,HypoDD,0.69,NA,NA,NA,NA
2020-01-21T18:09:22.894144Z,-42.846717,171.577483,8.536,NonLinLoc,1.61,238.2992,64.74334,139.0716,28.2713603739547
2020-01-21T19:32:54.120000Z,-42.795235,171.744645,7.205,HypoDD,0.42,NA,NA,NA,NA
2020-01-21T20:53:17.582803Z,-42.709854,171.598614,-1.523,NonLinLoc,0.28,NA,NA,NA,NA
2020-01-21T21:03:27.280000Z,-42.752551,171.698665,8.111,HypoDD,0.53,NA,NA,NA,NA
2020-01-22T03:48:55.830000Z,-42.892574,171.666895,10.649,HypoDD,1.73,NA,NA,NA,NA
2020-01-22T04:17:41.910000Z,-42.751416,171.781917,11.016,HypoDD,0.68,NA,NA,NA,NA
2020-01-22T08:41:57.250000Z,-42.656331,171.6646,8.379,HypoDD,0.26,NA,NA,NA,NA
2020-01-22T12:55:13.760000Z,-42.866561,171.617415,8.194,HypoDD,0.26,NA,NA,NA,NA
2020-01-22T13:28:54.870000Z,-42.752799,171.783708,10.533,HypoDD,0.67,NA,NA,NA,NA
2020-01-22T13:29:43.170000Z,-42.750277,171.787126,10.789,HypoDD,1.52,75.35307,68.27605,152.2281,30.457532929802
2020-01-22T13:37:18.960000Z,-42.751465,171.785254,10.978,HypoDD,0.69,NA,NA,NA,NA
2020-01-22T16:03:03.850000Z,-42.869539,171.639437,7.395,HypoDD,0.22,NA,NA,NA,NA
2020-01-23T06:34:39.050000Z,-42.912362,171.910937,14.55,HypoDD,1.21,NA,NA,NA,NA
2020-01-23T06:45:32.564571Z,-42.933658,171.871135,16.211,NonLinLoc,1.07,NA,NA,NA,NA
2020-01-23T13:40:13.240000Z,-42.739819,171.804215,10.71,HypoDD,0.7,NA,NA,NA,NA
2020-01-24T12:26:55.640000Z,-42.759094,171.679606,9.153,HypoDD,0.23,NA,NA,NA,NA
2020-01-24T19:19:27.660000Z,-42.895109,171.604362,9.36,HypoDD,0.47,NA,NA,NA,NA
2020-01-25T02:05:11.790000Z,-42.787142,171.624202,10.124,HypoDD,0.44,NA,NA,NA,NA
2020-01-25T08:07:51.990000Z,-42.923165,171.910221,14.169,HypoDD,1.52,355.0498,88.59783,3.916681,30.1020512759705
2020-01-25T11:38:40.150000Z,-42.885779,171.779069,10.795,HypoDD,1.52,218.8299,75.51377,144.3365,29.1476915886587
2020-01-25T15:03:37.781201Z,-42.769121,171.742554,6.715,NonLinLoc,0.71,NA,NA,NA,NA
2020-01-25T19:21:06.080000Z,-42.970056,171.704915,11.773,HypoDD,1.07,NA,NA,NA,NA
2020-01-26T04:31:00.371769Z,-42.719639,171.585366,-0.699,NonLinLoc,0.08,NA,NA,NA,NA
2020-01-26T07:01:45.030000Z,-42.981091,171.845182,15.43,HypoDD,2.37,358.1002,80.59462,40.51057,29.5585955509102
2020-01-26T10:26:12.260000Z,-42.866508,171.618962,8.266,HypoDD,0.74,NA,NA,NA,NA
2020-01-26T10:48:33.840000Z,-42.95791,171.73693,15.66,HypoDD,0.59,NA,NA,NA,NA
2020-01-27T07:04:05.260000Z,-42.756425,171.738704,7.999,HypoDD,0.37,NA,NA,NA,NA
2020-01-27T10:06:05.250000Z,-42.755534,171.739437,7.891,HypoDD,0.42,NA,NA,NA,NA
2020-01-27T20:35:00.707015Z,-42.696888,171.684585,7.409,NonLinLoc,0.84,NA,NA,NA,NA
2020-01-28T03:29:21.220000Z,-42.752486,171.699691,8.151,HypoDD,0.92,NA,NA,NA,NA
2020-01-28T06:30:01.570000Z,-42.647209,171.957878,12.985,HypoDD,0.73,NA,NA,NA,NA
2020-01-28T08:31:35.820000Z,-42.72334,171.716227,8.18,HypoDD,0.09,NA,NA,NA,NA
2020-01-29T08:11:11.030000Z,-42.759314,171.728206,0.736,HypoDD,1.06,NA,NA,NA,NA
2020-01-30T06:44:50.310000Z,-42.747774,171.746387,8.053,HypoDD,0.91,NA,NA,NA,NA
2020-01-30T10:38:27.000000Z,-42.644352,171.95734,14.155,HypoDD,1.09,NA,NA,NA,NA
2020-01-30T18:14:28.980000Z,-42.972302,171.43641,10.17,HypoDD,1.03,NA,NA,NA,NA
2020-01-31T08:48:32.114776Z,-42.504812,172.05389,15.517,NonLinLoc,1.85,3.349063,85.38496,-79.164,31.3453438697806
2020-01-31T11:46:35.880000Z,-42.679659,171.959342,3.718,HypoDD,0.65,NA,NA,NA,NA
2020-01-31T13:08:57.604781Z,-42.724098,171.7015,6.021,NonLinLoc,0.32,NA,NA,NA,NA
2020-01-31T18:06:52.920000Z,-42.673437,171.879346,6.438,HypoDD,0.94,NA,NA,NA,NA
2020-02-01T04:39:52.020000Z,-42.738289,171.741016,7.07,HypoDD,0.32,NA,NA,NA,NA
2020-02-02T19:48:32.600000Z,-42.866699,171.618848,8.037,HypoDD,0.83,NA,NA,NA,NA
2020-02-03T04:45:28.826656Z,-42.700768,171.137137,17.685,NonLinLoc,1.97,14.84512,54.59771,139.9059,31.0578721655727
2020-02-04T00:33:49.193356Z,-42.750198,171.75893,-1.913,NonLinLoc,0.98,NA,NA,NA,NA
2020-02-04T08:02:22.990000Z,-42.78339,171.624056,10.1,HypoDD,1.85,287.0102,61.87704,176.3696,30.0577052532403
2020-02-04T17:48:57.820000Z,-42.77242,171.680029,7.315,HypoDD,0.74,NA,NA,NA,NA
2020-02-05T07:25:17.790000Z,-42.819222,171.640755,7.916,HypoDD,0.93,NA,NA,NA,NA
2020-02-05T10:14:17.960000Z,-42.914624,171.912484,13.979,HypoDD,1.09,355.0159,87.75313,5.189244,30.9633563261561
2020-02-05T20:28:47.800000Z,-42.820654,171.640804,7.999,HypoDD,0.85,NA,NA,NA,NA
2020-02-06T10:03:24.230000Z,-42.688411,171.756331,11.839,HypoDD,0.89,NA,NA,NA,NA
2020-02-06T12:12:49.670000Z,-42.706763,171.757878,6.665,HypoDD,0.67,NA,NA,NA,NA
2020-02-06T12:35:33.070000Z,-42.705758,171.735319,5.732,HypoDD,1.24,NA,NA,NA,NA
2020-02-06T14:51:05.555148Z,-42.625045,171.944955,3.377,NonLinLoc,0.61,NA,NA,NA,NA
2020-02-07T13:21:10.200000Z,-42.611186,171.931755,9.492,HypoDD,1.15,NA,NA,NA,NA
2020-02-07T18:07:56.980000Z,-42.894067,171.700749,8.203,HypoDD,0.96,NA,NA,NA,NA
2020-02-08T05:43:14.580000Z,-42.943514,171.619271,5.404,HypoDD,1.2,NA,NA,NA,NA
2020-02-08T06:20:22.995333Z,-42.693817,171.639647,-1.523,NonLinLoc,0.67,NA,NA,NA,NA
2020-02-08T06:55:28.370000Z,-42.703064,171.659977,4.866,HypoDD,1.21,NA,NA,NA,NA
2020-02-08T09:03:58.020000Z,-42.942289,171.914518,13.361,HypoDD,1.58,84.76788,89.1412,-177.931,30.4667765248364
2020-02-09T02:18:05.080000Z,-42.766248,171.672445,6.733,HypoDD,2.77,147.0608,80.2738,17.59831,28.6694756810658
2020-02-09T02:21:12.460000Z,-42.786198,171.695801,8.432,HypoDD,1.1,NA,NA,NA,NA
2020-02-09T02:45:04.240000Z,-42.751318,171.662712,3.342,HypoDD,0.54,NA,NA,NA,NA
2020-02-09T04:55:29.000000Z,-42.981327,171.417285,11.985,HypoDD,1.45,104.2278,30.3339,-86.1845,30.9793874739846
2020-02-09T05:17:18.850000Z,-42.766195,171.671273,6.765,HypoDD,1.1,NA,NA,NA,NA
2020-02-09T05:26:11.753877Z,-42.740949,171.717393,7.279,NonLinLoc,0.24,NA,NA,NA,NA
2020-02-09T13:07:38.760000Z,-42.709843,171.736198,4.829,HypoDD,0.24,NA,NA,NA,NA
2020-02-09T19:37:20.060000Z,-42.875073,171.645329,13.648,HypoDD,0.62,NA,NA,NA,NA
2020-02-10T13:58:34.210000Z,-42.707247,171.792611,7.38,HypoDD,0.41,NA,NA,NA,NA
2020-02-11T07:53:43.290000Z,-42.893087,171.689014,10.345,HypoDD,0.92,NA,NA,NA,NA
2020-02-11T12:17:57.937340Z,-42.955776,171.245889,15.864,NonLinLoc,0.97,NA,NA,NA,NA
2020-02-11T16:31:01.040000Z,-42.968506,171.534749,9.312,HypoDD,0.63,NA,NA,NA,NA
2020-02-12T02:04:57.080000Z,-42.866093,171.619092,8.454,HypoDD,1.59,248.3896,75.5414,104.106,30.9811539683561
2020-02-13T14:11:42.210000Z,-42.766235,171.746403,9.193,HypoDD,0.87,131.3459,88.20012,-27.257,31.0825695345531
2020-02-14T04:10:47.000000Z,-42.85682,171.684212,13.315,HypoDD,0.78,NA,NA,NA,NA
2020-02-14T17:50:01.890289Z,-42.916418,171.86122,12.048,NonLinLoc,0.84,NA,NA,NA,NA
2020-02-14T23:16:27.080000Z,-42.765535,171.671452,6.638,HypoDD,1.23,145.764,84.50974,-53.008,29.5780112887035
2020-02-15T06:40:09.297367Z,-42.730738,171.667652,8.623,NonLinLoc,0.4,NA,NA,NA,NA
2020-02-15T10:38:03.800000Z,-42.573421,171.907015,7.956,HypoDD,1.36,274.992,83.72352,-172,30.2464944862803
2020-02-15T17:49:24.040000Z,-42.703109,171.876383,2.744,HypoDD,0.88,NA,NA,NA,NA
2020-02-16T02:49:45.080000Z,-42.89445,171.82832,4.846,HypoDD,1.26,NA,NA,NA,NA
2020-02-16T23:37:18.060000Z,-42.896281,171.603174,9.26,HypoDD,2.13,85.87149,72.99946,-169.809,28.5485635478668
2020-02-17T11:23:52.405237Z,-42.863699,171.7541,10.401,NonLinLoc,0.69,NA,NA,NA,NA
2020-02-17T15:34:00.960000Z,-42.676961,171.8396,10.737,HypoDD,1.55,NA,NA,NA,NA
2020-02-18T05:28:50.010000Z,-42.805265,171.606901,6.626,HypoDD,1.41,246.1537,56.80299,176.6659,28.4565727562707
2020-02-19T14:30:43.060000Z,-42.911023,171.61307,8.551,HypoDD,1.53,3.911102,71.42092,-3.91873,28.8230412326063
2020-02-20T11:33:16.416057Z,-42.965507,171.373129,11.441,NonLinLoc,0.97,NA,NA,NA,NA
2020-02-20T17:43:36.800000Z,-42.695662,171.868408,2.339,HypoDD,0.66,NA,NA,NA,NA
2020-02-22T15:48:28.093411Z,-42.702326,171.76223,2.943,NonLinLoc,0.57,NA,NA,NA,NA
2020-02-22T17:14:24.520000Z,-42.687162,171.75485,11.961,HypoDD,0.95,NA,NA,NA,NA
2020-02-22T21:58:38.245525Z,-42.695704,171.749391,5.068,NonLinLoc,0.74,NA,NA,NA,NA
2020-02-22T22:01:07.800000Z,-42.71335,171.760417,3.194,HypoDD,0.32,NA,NA,NA,NA
2020-02-22T22:10:40.040000Z,-42.706051,171.73418,5.768,HypoDD,0.74,NA,NA,NA,NA
2020-02-23T02:35:15.040000Z,-42.891309,171.688802,10.54,HypoDD,0.89,NA,NA,NA,NA
2020-02-24T07:25:09.970000Z,-42.837362,171.627718,9.349,HypoDD,0.51,NA,NA,NA,NA
2020-02-24T12:18:25.030000Z,-42.80448,171.609668,6.514,HypoDD,0.73,NA,NA,NA,NA
2020-02-24T16:18:32.430635Z,-43.026216,171.448232,22.108,NonLinLoc,0.96,NA,NA,NA,NA
2020-02-25T01:52:37.960000Z,-42.778255,171.616927,7.582,HypoDD,1.36,NA,NA,NA,NA
2020-02-25T08:23:49.390000Z,-42.68704,171.74917,12.057,HypoDD,0.84,NA,NA,NA,NA
2020-02-26T13:26:02.349363Z,-42.726187,171.622544,-1.913,NonLinLoc,-0.04,NA,NA,NA,NA
2020-02-26T20:21:57.560000Z,-42.68752,171.754102,12,HypoDD,1.24,NA,NA,NA,NA
2020-02-27T00:03:09.870000Z,-42.90356,171.606527,8.284,HypoDD,1.42,NA,NA,NA,NA
2020-02-27T09:49:38.085450Z,-42.854044,171.765332,9.707,NonLinLoc,0.69,NA,NA,NA,NA
2020-02-27T15:15:28.810000Z,-42.70531,171.721859,8.41,HypoDD,0.83,NA,NA,NA,NA
2020-02-29T12:23:06.427588Z,-42.866788,171.752377,7.582,NonLinLoc,0.84,NA,NA,NA,NA
2020-02-29T20:49:02.480000Z,-42.687817,171.755794,11.899,HypoDD,1.3,NA,NA,NA,NA
2020-02-29T20:50:55.060000Z,-42.911214,171.611702,8.939,HypoDD,0.73,NA,NA,NA,NA
2020-02-29T23:23:15.440000Z,-42.688273,171.754753,11.862,HypoDD,1.49,57.00254,61.17679,141.0816,30.2701004626873
2020-03-01T08:16:46.130000Z,-43.006006,171.495003,8.422,HypoDD,1.09,261.9305,55.78537,-98.86,31.1885562676552
2020-03-01T19:50:55.200000Z,-42.756514,171.717464,7.675,HypoDD,1.44,NA,NA,NA,NA
2020-03-02T04:53:15.579170Z,-42.746717,171.279378,7.843,NonLinLoc,1.26,NA,NA,NA,NA
2020-03-02T06:44:02.000000Z,-42.866956,171.620996,8.138,HypoDD,2.77,341.5975,41.90316,27.03307,28.6303958809531
2020-03-02T13:48:14.790000Z,-42.744853,171.360905,9.368,HypoDD,0.72,NA,NA,NA,NA
2020-03-03T00:09:25.830000Z,-42.799951,171.518799,8.83,HypoDD,0.96,NA,NA,NA,NA
2020-03-03T02:09:32.270000Z,-42.857467,171.842171,7.685,HypoDD,1.15,NA,NA,NA,NA
2020-03-03T02:09:46.201646Z,-42.745164,171.466036,1.209,NonLinLoc,1.06,NA,NA,NA,NA
2020-03-03T13:03:35.020000Z,-42.770288,171.67959,7.344,HypoDD,0.71,NA,NA,NA,NA
2020-03-03T17:19:25.400000Z,-42.687972,171.754867,11.952,HypoDD,1.38,NA,NA,NA,NA
2020-03-03T18:47:46.960000Z,-42.682414,171.888053,6.325,HypoDD,0.65,NA,NA,NA,NA
2020-03-04T10:42:49.030000Z,-42.777437,171.899902,10.967,HypoDD,1.04,NA,NA,NA,NA
2020-03-04T16:28:50.926957Z,-42.665794,171.728137,8.883,NonLinLoc,1.22,87.3302,62.08153,152.683,30.4766819954002
2020-03-05T16:20:06.070000Z,-42.799699,171.652083,7.328,HypoDD,2.6,342.2432,58.85787,35.40858,29.0234821351351
2020-03-05T16:45:42.070000Z,-42.800814,171.654248,7.435,HypoDD,0.56,NA,NA,NA,NA
2020-03-05T17:00:26.920000Z,-42.802026,171.653451,7.325,HypoDD,0.97,NA,NA,NA,NA
2020-03-05T17:01:35.920000Z,-42.968811,171.756641,18.887,HypoDD,1.01,NA,NA,NA,NA
2020-03-05T22:45:56.480000Z,-42.686552,171.754346,12.152,HypoDD,1.05,NA,NA,NA,NA
2020-03-05T22:56:40.840000Z,-42.951339,171.89401,15.186,HypoDD,2,354.8465,88.39833,2.803409,31.4245800119247
2020-03-06T03:19:21.910000Z,-42.737354,171.651725,7.532,HypoDD,0.62,NA,NA,NA,NA
2020-03-06T07:28:51.060000Z,-42.799455,171.652214,7.337,HypoDD,1.8,342.0316,57.86074,35.49912,29.4002373242049
2020-03-06T09:41:26.364386Z,-42.767249,171.260974,11.268,NonLinLoc,0.65,NA,NA,NA,NA
2020-03-06T12:13:23.440000Z,-42.68785,171.753874,11.621,HypoDD,1.05,NA,NA,NA,NA
2020-03-06T13:07:56.085510Z,-42.778665,171.686629,7.582,NonLinLoc,0.63,NA,NA,NA,NA
2020-03-06T16:19:05.940000Z,-42.866138,171.621582,8.103,HypoDD,0.87,NA,NA,NA,NA
2020-03-06T23:04:09.040000Z,-42.988159,171.427669,13.971,HypoDD,1.84,101.5599,48.39749,-85.2784,29.7947153227139
2020-03-08T01:50:52.007151Z,-42.755082,171.775668,4.677,NonLinLoc,0.83,NA,NA,NA,NA
