Longitude,Latitude,VE  AUS,VN  AUS,σE,σN
167.655,-45.314,-23.78,-3.16,0.85,1.3
167.739,-45.562,-24.64,-11.48,0.71,0.75
169.198,-45.388,-28.01,-13.31,0.67,0.71
169.191,-44.872,-28,-10.87,0.78,0.67
169.769,-44.318,-27.29,-13.11,1.19,1.26
169.379,-44.483,-26.38,-12.4,2.11,2.24
169.763,-44.734,-28.54,-13.02,0.97,1.31
170.326,-44.804,-30.69,-13.99,1.47,1.51
170.844,-45.374,-29.74,-9.79,0.86,0.71
170.695,-44.744,-30.84,-12.6,1.94,1.73
170.965,-44.83,-31.91,-10.11,1.32,1.19
170.654,-44.968,-32.13,-12.35,1.41,1.31
170.603,-44.3,-30.5,-11.85,0.5,0.56
171.057,-44.401,-31.11,-12.05,0.62,0.58
171.258,-44.443,-31.34,-11.91,0.53,0.66
170.278,-44.139,-27.85,-11.35,2.31,1.39
170.92,-44.122,-30.82,-11.18,0.58,0.64
171.103,-44.091,-31.16,-11.94,0.52,0.9
171.299,-44.205,-31.65,-11.95,0.53,0.57
171.565,-44.008,-31.94,-11.81,0.61,0.59
171.361,-43.747,-30.99,-11.98,0.69,0.81
171.742,-43.468,-30.04,-11.42,0.52,0.54
172.137,-43.38,-31.38,-11.29,0.41,0.44
172.38,-43.27,-30.98,-10.54,0.55,0.48
172.548,-43.118,-29.91,-10.43,0.56,0.64
172.824,-43.078,-30.89,-10.02,0.58,0.61
172.693,-42.987,-29.36,-9.66,0.64,0.81
172.813,-42.907,-29.36,-11.4,0.76,0.96
172.503,-42.894,-27.01,-10.76,0.6,0.6
172.692,-42.838,-28.28,-10.74,0.79,1.09
173.026,-42.786,-29.34,-11.52,0.7,0.51
172.643,-42.744,-25.2,-9.89,0.74,0.76
173.01,-42.687,-28.21,-10.18,0.54,0.43
172.935,-42.474,-22.34,-7.81,0.54,0.41
173.697,-42.42,-30.11,-11,0.94,1.03
173.612,-42.311,-26.88,-10.1,0.54,0.7
173.224,-42.272,-20.98,-6.6,0.43,0.45
173.429,-42.135,-21.16,-7.08,0.49,0.51
172.735,-42.014,-10.59,-0.73,0.91,0.86
173.602,-41.978,-21.63,-6.41,0.49,0.55
173.346,-41.958,-15.49,-3.56,0.46,0.43
172.359,-41.821,-5.99,0.29,0.45,0.46
172.118,-42.029,-5.54,-0.33,0.45,0.43
172.5,-41.729,-6.92,1.07,0.55,0.52
172.28,-41.722,-5.01,0.08,0.47,0.47
173.395,-41.7,-11.81,-1.44,0.45,0.43
172.762,-41.699,-6.89,0.53,0.56,0.47
173.058,-41.627,-8.11,-0.46,0.66,0.53
173.998,-41.616,-16.66,-4.82,0.44,0.48
172.541,-41.552,-6.23,0.28,0.48,0.44
173.802,-41.543,-12.23,-2.43,0.5,0.55
173.396,-41.474,-8.78,-0.72,0.51,0.48
175.332,-41.399,-31.91,-8.94,0.53,0.58
174.022,-41.348,-11.84,-2.4,0.51,0.45
172.828,-41.525,-6.73,0.02,0.52,0.51
174.711,-41.341,-22.72,-7.16,0.53,0.46
172.984,-41.333,-6.29,-0.16,0.48,0.42
174.828,-41.294,-23.75,-7.64,0.52,0.55
174.628,-41.277,-18.73,-4.38,0.56,0.57
173.432,-41.276,-7.44,-0.82,0.44,0.45
174.778,-41.231,-20.57,-6.13,0.62,0.45
175.399,-41.192,-28.97,-10.13,0.46,0.41
174.874,-41.183,-21.24,-6.47,0.56,0.57
175.652,-41.18,-29.77,-10.9,0.48,0.42
175.513,-41.128,-28.66,-10.64,0.42,0.51
175.39,-41.075,-24.82,-9.76,0.41,0.41
173.868,-40.854,-6.39,-0.84,2.23,1.38
175.443,-40.797,-19.85,-7.81,0.42,0.4
176.006,-40.58,-22.88,-10.25,0.61,0.56
175.625,-40.51,-17.52,-5.81,0.46,0.46
175.259,-40.493,-12.83,-4.22,0.61,0.52
176.453,-40.385,-18.82,-13.11,0.77,0.66
175.488,-40.24,-9.45,-4.55,0.72,0.6
175.881,-40.211,-11.95,-8.19,0.48,0.56
176.339,-40.181,-13.28,-11.45,0.64,0.56
176.783,-40.093,-10.95,-16.15,0.93,0.67
176.497,-40.001,-10.97,-11.98,0.57,0.49
176.872,-39.795,-9.23,-14.02,0.55,0.58
175.481,-39.755,-3.27,-3.66,0.9,0.64
174.951,-39.721,-1.96,-2.98,0.83,0.74
174.52,-39.63,-2.2,-1.08,0.69,0.57
174.195,-39.554,-1.91,-0.21,0.6,0.53
175.736,-39.542,-1.79,-4.74,0.75,0.49
174.423,-39.482,-2.2,-0.98,0.54,0.55
175.198,-39.46,-1.48,-3.02,0.6,0.67
174.68,-39.383,-2.24,-1.62,1.73,1.96
174.102,-39.311,-0.85,-1.56,0.72,0.77
174.395,-39.285,-1.64,-1.08,0.58,0.61
174.228,-39.134,-1.06,-1.19,0.4,0.4
177.148,-39.13,0.65,-18.23,0.58,0.74
175.637,-39.129,2.18,-4.68,0.77,0.77
174.524,-39.081,-0.29,-1.98,0.61,0.53
176.713,-38.943,2.55,-12.92,0.54,0.47
177.139,-38.577,1.78,-15.34,0.76,0.78
177.805,-38.575,1.11,-17.92,0.44,0.47
178.102,-38.558,-3.6,-17.97,0.55,0.62
176.448,-38.545,2.92,-9.17,0.91,1.44
176.002,-38.432,5.24,-4.84,0.95,0.68
178.325,-38.397,-1.1,-18.61,0.57,0.52
178.057,-38.372,0.92,-18.13,0.8,0.58
176.857,-38.35,4.1,-11.82,1.68,1.98
177.244,-38.175,2.1,-16.69,0.63,1.13
176.198,-38.118,2.16,-3.05,0.69,0.58
177.863,-38.109,2.18,-17.05,0.7,0.52
177.509,-38.075,2.6,-15.76,0.82,0.84
178.349,-38.075,10.53,-20.35,0.53,0.66
177.308,-37.995,4.56,-14.69,0.56,0.74
177.769,-37.825,3.44,-16.53,0.72,0.49
178.407,-37.825,7.32,-20.12,0.51,0.49
175.519,-36.333,0.39,-0.73,0.54,0.51
173.769,-35.962,-0.12,-0.69,0.42,0.36
174.514,-35.617,-0.96,1.32,0.59,0.7
173.882,-35.045,0.44,-0.44,0.88,0.7
172.771,-34.467,0.05,-0.55,0.39,0.43
172.888,-34.432,0.08,-0.54,0.4,0.41
171.635,-43.233,-26.25,-10.21,0.69,0.82
171.77,-43.258,-28.43,-11.63,0.92,0.8
171.723,-43.356,-28.74,-11.2,0.59,0.66
171.257,-43.196,-21.14,-8.39,0.59,0.52
171.434,-43.114,-21.14,-9.35,0.55,0.66
172.086,-43.223,-29.13,-10.45,0.48,0.57
171.689,-43.113,-23.45,-9.29,0.63,0.67
171.786,-43.036,-23.61,-8.74,0.7,0.74
171.419,-43.386,-26.94,-10.96,0.58,0.48
171.096,-42.996,-11.46,-3.51,0.63,0.76
170.83,-42.953,-5.87,0.06,0.46,0.47
171.013,-42.734,-4.36,0.1,0.48,0.43
172.064,-41.584,-3.55,0.55,0.45,0.45
172.117,-41.729,-4.84,-0.14,0.43,0.48
173.117,-42.926,-31.29,-11.29,0.6,0.92
176.917,-39.479,-4.28,-15.28,0.6,0.47
176.469,-39.688,-4.93,-12.84,0.59,0.49
175.737,-40.849,-24.55,-10.67,0.69,0.67
177.664,-38.3,2.69,-17.59,0.77,0.72
175.746,-38.61,-0.6,-3.77,1.03,0.85
175.796,-38.613,0.21,-2.69,1,0.49
175.805,-38.672,0.59,-2.97,0.82,0.72
175.885,-38.624,2.09,-3.23,0.94,0.65
175.967,-38.644,3.43,-2.39,1.35,1.14
175.957,-38.666,0.66,-0.86,1.07,0.59
175.927,-38.683,1.65,-0.58,1.33,0.88
176.03,-38.657,5.28,-0.17,1.77,1.31
175.997,-38.709,4.06,-1.54,1.29,1.54
176.121,-38.686,-0.38,-2.68,1.28,1.33
176.214,-38.791,4.47,-7.74,0.77,0.79
175.867,-38.502,-0.52,-4.64,1.33,1.18
175.915,-38.616,0.94,-3.2,0.49,0.53
175.657,-38.717,0.18,-3.59,1.37,1.28
176.021,-38.518,4.6,-5.16,1.16,0.76
176.156,-38.521,1.19,-2.89,0.94,0.82
175.986,-38.598,5.16,-3.54,2.56,2.36
176.26,-38.89,3.99,-9.61,0.52,0.66
176.584,-38.286,0.47,-7.78,0.93,1
176.111,-38.365,5.77,-7.57,0.91,0.87
176.221,-38.369,0.77,-7.05,1.02,0.83
176.288,-38.386,0.31,-6.75,0.9,0.87
176.209,-38.442,-0.87,-5.85,0.95,0.69
176.634,-38.485,3.33,-11.17,0.62,0.95
175.636,-38.403,0.59,-4.36,2.26,1.86
176.318,-38.158,1.21,-7.24,0.73,0.8
176.51,-38.831,3.44,-10.82,0.62,0.62
176.517,-38.026,2.84,-2.68,1.24,1.43
176.405,-38.157,3.28,-6.15,0.89,0.97
176.522,-38.173,3.09,-8.49,0.77,1.15
176.641,-38.167,3.35,-9.23,0.69,0.81
176.094,-38.633,-0.94,-4.03,0.55,0.75
176.236,-38.585,1,-6.24,1.26,0.83
175.865,-38.211,1.52,-3.35,1.4,1.26
176.073,-38.048,2,-3.48,0.75,0.9
176.63,-39.179,1.31,-13.45,0.68,0.55
177.178,-38.815,2.32,-17.16,0.8,0.69
176.819,-39.029,1.53,-14.5,0.99,0.59
176.892,-39.234,0.88,-16.76,0.6,0.79
176.644,-38.608,2.77,-11.21,0.97,1.02
177.009,-37.955,5.08,-13.91,1.07,1.18
174.125,-39.043,-1.26,0.3,1.16,0.99
176.703,-38.454,3.97,-10.94,1.01,1.04
175.995,-38.692,2.74,-1.74,1.31,1.44
176.407,-38.272,3.45,-4.64,0.82,0.77
176.468,-38.281,0.09,-6.76,0.55,0.61
176.273,-38.217,3.25,-6.73,0.54,0.49
176.282,-38.249,2.92,-5.45,0.83,0.6
176.346,-38.246,0.21,-6.73,0.74,0.66
176.229,-38.256,6.57,-6.54,0.83,0.71
176.248,-38.306,2.88,-4.6,0.78,0.72
176.278,-38.285,3.05,-3.73,0.72,0.86
176.324,-38.292,1.91,-4.27,0.57,0.73
176.329,-38.264,0.73,-4.42,0.73,0.66
176.428,-38.305,0.46,-6.37,0.68,0.66
176.46,-38.311,0.98,-6.87,0.7,0.62
176.5,-38.318,0.86,-8.02,0.78,0.74
176.502,-38.278,0.78,-7.43,0.46,0.48
176.388,-38.319,0.3,-5.62,0.71,0.63
176.298,-38.233,3.16,-6.02,0.92,0.61
176.321,-38.249,1.2,-6.04,0.65,0.72
171.444,-42.724,-7.12,-0.71,0.54,0.5
171.459,-42.739,-7.55,-0.67,0.57,0.59
171.462,-42.708,-7.83,0.72,1.4,1.17
171.482,-42.745,-8.48,-0.94,0.48,0.56
171.486,-42.733,-8.06,-1.24,0.56,0.53
175.089,-41.105,-24.6,-6.46,2.34,1.42
175.088,-41.106,-22.31,-7.36,0.84,0.61
175.268,-41.16,-25.72,-9.99,0.49,0.48
175.253,-41.152,-24.87,-9.95,0.83,0.67
175.254,-41.14,-25.55,-9.43,0.5,0.4
172.789,-42.401,-17.31,-5.66,0.68,0.57
172.787,-42.395,-17.19,-5.44,0.65,0.54
172.773,-42.304,-15.14,-4.32,0.5,0.63
172.516,-42.008,-7.57,-0.19,0.54,0.48
170.051,-44.243,-28.39,-12.32,0.46,0.46
170.269,-44.105,-28.61,-12.01,0.7,0.65
170.112,-44.141,-27.74,-11.16,0.5,0.55
169.998,-44.314,-27.6,-12.3,1.23,1.08
169.994,-44.442,-29.33,-14.6,1.55,1.44
171.483,-42.785,-8.36,-1.61,2.1,1.43
171.528,-43.248,-26.06,-10.25,0.45,0.52
171.43,-43.175,-22.9,-8.99,0.54,0.55
172.974,-43.885,-32.22,-10.48,0.55,0.61
173.09,-43.764,-32.43,-10.24,0.64,0.64
172.673,-43.794,-32.03,-10.29,0.51,0.51
172.32,-43.083,-28.45,-10.2,0.55,0.57
171.557,-42.883,-15.71,-4.72,0.87,0.57
175.417,-40.873,-20.63,-8.6,0.55,0.45
172.118,-43.502,-31.47,-10.81,0.62,0.66
172.003,-43.38,-30.78,-10.7,0.55,0.52
171.875,-43.33,-29.82,-10.93,0.64,0.63
171.71,-43.294,-27.6,-10.49,0.53,0.61
171.725,-43.213,-26.35,-9.66,0.56,0.59
171.779,-43.092,-24.74,-9.03,0.56,0.52
171.735,-43.008,-22.7,-9.58,2.06,2.16
171.589,-43.009,-21.22,-6.43,0.49,0.58
171.592,-42.982,-20.16,-5.84,0.55,0.52
171.569,-42.95,-18.64,-4.95,0.74,0.59
171.559,-42.908,-17.44,-4.83,0.67,0.52
171.561,-42.832,-13.85,-4.19,0.69,0.67
171.598,-42.79,-12.59,-3.54,0.56,0.86
171.624,-42.769,-12.01,-2.69,0.62,0.58
171.565,-42.759,-10.76,-2.04,0.6,0.51
171.523,-42.744,-9.49,-1.41,0.56,0.64
171.35,-42.768,-7.5,-0.91,0.63,0.52
171.291,-42.736,-6.21,-1.04,0.63,0.53
171.206,-42.662,-4.67,-0.58,0.78,0.69
171.14,-42.594,-3.81,-0.39,0.7,0.74
171.137,-42.888,-7.69,-1.66,0.53,0.51
171.483,-42.574,-5.85,-0.79,0.54,0.6
171.611,-43.538,-30.15,-11.54,0.51,0.49
171.995,-43.776,-31.98,-11.16,0.46,0.62
175.028,-41.191,-24.39,-8.08,0.42,0.43
175.011,-41.137,-21.88,-7.1,0.43,0.44
175.072,-41.136,-23.21,-7.95,0.59,0.55
175.032,-41.148,-23.37,-7.43,0.49,0.44
174.971,-41.145,-21.34,-6.73,0.52,0.51
174.968,-41.185,-22.42,-7.09,0.5,0.48
174.907,-41.105,-19.6,-5.58,0.49,0.51
174.906,-41.163,-19,-7.05,2.46,1.12
174.949,-41.17,-21.96,-6.84,0.45,0.52
174.914,-41.142,-20.21,-5.86,0.59,0.54
174.902,-41.025,-18.02,-4.81,0.54,0.44
174.848,-41.094,-18.74,-5.01,0.46,0.71
174.855,-41.075,-17.54,-3.14,2.49,1.81
174.823,-41.109,-18.3,-4.94,0.66,0.9
174.839,-41.062,-18.17,-4.43,0.57,0.52
174.88,-41.06,-17.89,-4.63,0.45,0.48
174.804,-41.133,-18.15,-4.54,0.41,0.48
174.854,-41.156,-20.21,-5.47,0.54,0.61
174.856,-41.131,-19.14,-5.22,0.51,0.5
174.884,-41.141,-19.61,-5.57,0.46,0.45
175.196,-41.166,-25.2,-8.89,0.51,0.5
175.198,-41.209,-26.32,-9.58,0.75,0.6
175.383,-41.323,-31.44,-9.51,0.51,0.43
175.394,-41.366,-31.79,-9.93,0.53,0.5
175.48,-41.293,-31.09,-9.9,0.43,0.48
175.468,-41.382,-32.33,-9.9,0.49,0.49
175.497,-41.526,-32.49,-9.17,0.47,0.61
175.585,-41.487,-32.67,-9.67,0.55,0.74
175.426,-41.513,-32.49,-10.03,0.56,0.45
175.394,-41.567,-32.93,-9.92,0.49,0.42
175.23,-41.119,-24.97,-9.13,0.51,0.45
175.197,-41.145,-25.08,-7.85,0.53,0.47
174.881,-41.09,-18.98,-5.46,0.49,0.62
174.902,-41.418,-28.79,-9.11,0.47,0.51
175.009,-41.39,-29.19,-9.42,0.59,0.49
175.284,-41.261,-30.02,-9.77,0.51,0.44
175.343,-41.284,-31.27,-9.52,0.4,0.43
175.347,-41.203,-28.96,-10.1,0.8,0.94
175.185,-41.079,-23.99,-8.59,0.91,0.99
175.309,-41.11,-24.5,-10.16,0.49,0.54
175.405,-41.108,-28.16,-8.53,1.34,0.75
175.45,-41.09,-26.92,-9.96,0.53,0.61
175.353,-41.135,-27.31,-9.96,0.47,0.39
175.391,-41.17,-28.59,-9.93,0.57,0.62
175.447,-41.204,-29.65,-10.14,0.58,0.46
175.155,-41.088,-22.09,-8.92,0.84,0.82
174.952,-41.114,-20.38,-6.21,0.49,0.53
183.434,-43.956,-34.78,-0.94,1.22,1.24
183.522,-43.819,-34.95,-0.8,2.47,1.42
183.426,-43.956,-34.18,0.74,1.53,1.19
167.94,-29.039,-0.42,-0.41,0.56,0.5
166.228,-50.517,-24.6,-18,0.59,0.54
172.743,-43.581,-32.94,-10.74,0.47,0.49
168.253,-46.537,-26.64,-12.76,0.64,0.66
171.354,-43.239,-24.49,-9.5,0.58,0.63
171.314,-43.298,-24.45,-9.52,0.58,0.63
169.15,-52.545,-19.3,-14.28,0.53,0.62
174.831,-36.6,0.57,-0.07,0.63,0.61
170.451,-43.878,-26.92,-11.8,0.57,0.62
170.796,-44.279,-30.99,-12.24,0.54,0.52
170.48,-44.224,-30.13,-11.81,0.52,0.82
170.325,-43.976,-27.36,-12.05,0.52,0.67
170.218,-43.642,-23.74,-8.62,0.67,0.67
170.133,-44.107,-28.63,-12.44,1.41,2.34
170.132,-43.997,-26.24,-11.07,0.78,0.75
170.11,-43.859,-24.14,-10.25,0.7,0.77
170.133,-43.236,-4.91,-0.44,0.56,0.83
170.055,-43.285,-5.38,-0.5,0.55,0.74
170.149,-43.456,-12.66,-0.49,0.55,0.65
170.001,-43.495,-12.25,-0.92,0.61,0.8
169.96,-43.456,-8.66,-1.46,0.42,0.53
169.854,-43.396,-5.47,-0.88,0.61,0.52
169.774,-43.447,-5.82,-0.86,0.63,0.5
169.806,-43.516,-10.01,-0.74,1.76,1.27
169.944,-43.566,-13.85,-3.46,0.56,0.7
169.771,-43.606,-13.97,-2.71,2.03,2.16
169.654,-43.652,-11.55,-2.25,0.61,0.95
169.556,-43.588,-6.88,-0.58,0.74,1.05
169.472,-43.669,-8.04,-1.58,0.7,0.68
169.384,-43.65,-6.65,-0.94,0.58,0.66
169.447,-43.752,-11.98,-2.82,0.56,0.46
169.338,-43.815,-13.22,-3.91,0.52,0.53
169.366,-43.872,-16.01,-5.38,0.54,0.75
169.004,-43.861,-6.95,-0.83,0.46,0.46
169.856,-43.666,-18.65,-4.8,1.7,1.73
169.958,-43.606,-16.5,-4.39,0.57,0.63
169.998,-43.658,-19.39,-7.46,0.84,0.71
169.939,-43.725,-20.16,-7.63,0.58,0.74
169.91,-43.49,-8.17,-0.92,0.71,0.79
169.794,-43.571,-10.24,-1.91,0.57,0.63
169.679,-43.575,-7.39,-0.84,0.62,0.68
169.213,-43.774,-7.91,-0.89,0.6,0.55
170.293,-43.816,-25.23,-10.78,0.58,0.84
172.518,-42.257,-9.77,-2.06,0.59,0.49
172.401,-42.379,-11.91,-2.99,0.56,0.55
172.8,-42.689,-26.56,-10.31,0.66,0.9
172.776,-42.583,-24.3,-9.56,0.98,0.76
172.545,-42.596,-19.63,-9.29,1.54,2.24
172.376,-42.585,-15.32,-6.52,2.11,2.39
172.825,-42.477,-22.16,-8.46,1.12,0.68
171.466,-41.749,-2.7,-0.6,0.47,0.46
171.683,-42.45,-5.45,-0.63,0.59,0.59
171.665,-42.29,-4.38,-0.81,0.43,0.53
171.906,-41.877,-4.06,0.38,0.4,0.5
171.854,-42.096,-5.06,-0.69,0.48,0.51
171.804,-42.555,-7.84,-1.76,0.5,0.57
172.394,-42.475,-13.97,-4.55,0.74,0.64
172.375,-42.531,-15.31,-6.03,0.5,0.74
172.746,-42.212,-12.93,-2.83,0.43,0.44
172.02,-42.456,-7.79,-1.4,0.5,0.61
176.725,-37.916,1.63,-6.36,2.02,1.79
176.685,-37.982,2.18,-9.84,2.31,1.88
176.785,-37.953,5.58,-14.27,1.33,1.27
175.001,-41.114,-20.67,-6.2,0.59,0.68
174.978,-41.013,-18.43,-5.51,0.45,0.48
175.079,-41.077,-20.49,-6.89,0.67,0.56
175.105,-41.115,-22.35,-7.58,0.57,0.46
175.506,-40.974,-24.6,-9.44,1.64,1.36
174.646,-41.311,-20.65,-6.91,1.07,0.88
174.804,-41.155,-18.93,-5.23,0.76,0.63
174.929,-41.235,-23.79,-7.79,0.52,0.62
175.143,-41.15,-24.5,-8.59,0.6,0.69
175.038,-41.219,-25.39,-8.95,1.29,1.41
175.273,-41.093,-25.35,-8.43,0.47,0.62
174.874,-41.334,-25.27,-8.82,1.2,1.28
175.527,-39.303,-0.05,-2.62,0.62,0.61
175.615,-39.278,-0.51,-2.81,0.8,0.63
176.009,-38.734,4.95,-5.28,1.42,1.1
175.553,-39.236,1.01,-3.52,0.74,0.49
177.559,-38.407,2.16,-16.51,0.53,0.6
169.359,-44.1,-22.15,-9.18,0.6,0.46
169.075,-43.911,-11.06,-5.43,0.94,0.91
169.478,-44.216,-24.44,-11.05,0.58,0.68
169.416,-44.313,-25.26,-12.18,0.45,0.53
167.608,-46.155,-26.04,-7.09,1.09,1.72
166.952,-45.266,-22.04,-3.89,1.24,1.54
177.113,-38.261,4,-14.8,0.68,0.89
167.678,-45.763,-25.42,-12.34,1.18,1.16
172.723,-40.511,-2.34,-0.49,0.81,0.76
171.305,-42.873,-11.84,-2.37,0.47,0.48
167.859,-45.197,-24.06,-5.91,1.24,1.67
170.125,-45.564,-29.49,-11.87,1.28,0.88
174.726,-38.302,-2.38,-1.12,0.94,0.82
175.575,-41.327,-31.4,-10.15,0.45,0.44
175.211,-41.272,-29.39,-9.45,0.96,1.32
175.265,-41.346,-33.18,-9.81,0.94,1.16
175.237,-41.604,-32.62,-9.57,0.45,0.43
170.597,-45.883,-29.38,-11.62,0.75,0.68
173.823,-40.963,-7.88,-1.15,0.51,0.47
174.963,-41.284,-25.45,-7.96,1.35,1.26
174.913,-41.249,-26.18,-7.41,1.08,0.85
171.389,-42.888,-12.38,-2.84,0.59,0.71
174.715,-41.284,-21.53,-6.2,1.68,1.04
174.836,-41.22,-19.88,-5.6,1.99,2.08
174.814,-41.198,-21.14,-6.77,2.02,1.2
174.799,-41.191,-20.06,-6.31,1.4,1.14
169.368,-45.217,-29.39,-11.6,1.02,0.71
170.725,-43.165,-14.89,-2.18,0.57,0.71
175.585,-41.062,-26.14,-11.3,3.06,1.52
175.982,-41.058,-27.4,-10.83,0.6,0.74
171.907,-43.043,-25.12,-9.56,0.44,0.46
175.102,-41.038,-20.23,-6.98,0.41,0.53
167.924,-44.673,-20.97,-6.12,0.54,0.56
175,-37.589,-0.29,-1.15,0.37,0.4
170.241,-45.139,-29.74,-11.81,0.75,0.68
175.885,-40.779,-25.14,-9.98,0.52,0.51
170.995,-45.067,-32.6,-12.94,0.82,1.59
169.898,-44.933,-29.33,-11.87,0.78,0.7
175.667,-40.946,-25.39,-10.39,0.53,0.52
175.893,-41.251,-30.06,-10.42,0.49,0.49
168.726,-44.737,-25.04,-9.68,1.13,1.22
175.273,-40.546,-13.71,-4.41,0.57,0.66
176.226,-40.567,-24.87,-10.79,0.67,0.56
175.774,-40.785,-24.08,-10.18,0.49,0.48
177.672,-37.739,4.41,-15.97,0.64,0.59
176.671,-39.345,-0.01,-15.09,0.65,0.73
176.588,-39.408,-0.9,-14.38,0.54,0.68
178.05,-37.684,4.08,-16.84,0.81,0.79
176.558,-40.487,-21.39,-13.91,0.68,0.52
175.835,-40.336,-15.32,-7,0.91,0.52
173.544,-41.742,-14.08,-2.66,0.52,0.47
175.396,-40.206,-9.82,-4.54,0.72,0.57
178.319,-37.596,5.18,-17.94,0.58,0.52
178.548,-37.689,8.93,-18.76,0.68,0.79
177.594,-39.04,-0.27,-20,0.73,0.84
177.856,-39.034,-2.1,-19.63,0.8,0.62
173.868,-39.459,-1.44,-0.88,0.66,0.58
175.116,-40.749,-15.69,-5.42,0.45,0.47
175.782,-39.828,-4.12,-6.15,0.85,0.52
175.256,-40.812,-17.76,-6.35,0.63,0.44
175.162,-40.932,-19.03,-6.96,0.42,0.51
176.929,-39.945,-7.25,-18.09,0.8,0.71
174.768,-39.095,-1.98,-2.51,1.03,0.79
176.188,-40.785,-26.75,-9.92,0.46,0.49
173.946,-41.852,-21.44,-7.35,0.39,0.54
176.255,-39.426,-0.22,-9.21,0.64,0.69
175.764,-38.991,1.7,-5.55,1.8,1.25
174.779,-41.342,-23.61,-8.37,1.11,0.99
176.937,-39.333,-0.93,-16.82,0.51,0.72
177.286,-39.001,-0.35,-16.98,1.66,2.18
176.919,-39.138,1.27,-16.35,0.65,0.67
176.667,-39.501,-2.17,-14.57,1.55,1.56
176.727,-39.617,-4.32,-13.43,1.88,2.54
176.948,-39.653,-7.22,-14.56,0.48,0.59
176.393,-37.863,2.2,-4.55,1.91,1.47
175.24,-40.589,-14.46,-4.74,0.42,0.41
175.358,-40.574,-15.64,-5.19,0.73,0.63
169.07,-43.951,-13.75,-3.1,1.22,0.96
169.147,-43.9,-12.84,-3.27,0.47,0.5
175.785,-40.568,-20.17,-8.25,0.49,0.54
172.28,-40.873,-2.91,0.22,0.43,0.49
177.212,-37.992,5.65,-16.25,1.41,1.02
175.346,-40.313,-10.3,-4.36,0.54,0.54
175.687,-40.288,-13,-5.53,0.69,0.7
175.856,-40.454,-18.75,-7.85,0.71,0.71
176.644,-39.775,-8.38,-12.29,0.77,0.57
176.702,-39.93,-11.79,-12.35,0.74,0.64
176.998,-39.773,-3.97,-18.19,0.67,0.59
172.621,-40.877,-3.58,0.51,0.42,0.48
172.85,-40.934,-4.35,0.36,0.42,0.42
176.081,-40.421,-19.37,-10.41,0.45,0.75
176.273,-40.45,-21.01,-11.59,0.8,0.78
175.342,-40.127,-7.64,-4.07,0.71,0.57
177.876,-38.887,1.13,-19.25,1.48,0.84
177.596,-38.83,-0.78,-17.6,0.56,0.69
176.571,-40.111,-12.89,-13.21,0.55,0.59
178.227,-37.751,3.3,-19.11,0.62,0.68
178.081,-37.861,3.43,-15.63,0.6,0.68
177.119,-38.805,2.73,-16.24,0.71,0.71
177.382,-38.754,3.28,-16.2,1,0.93
176.986,-38.945,2.54,-16.05,0.82,0.69
172.509,-41.425,-5.57,0.48,0.46,0.49
176.26,-39.784,-6.71,-10.56,0.98,0.94
176.198,-39.92,-7.87,-9.72,0.83,0.59
172.239,-41.406,-4.08,0.89,0.51,0.58
172.603,-41.035,-4.19,0.31,0.44,0.4
173.231,-42.844,-31.7,-11.56,0.62,0.64
172.379,-41.241,-3.67,-0.15,0.44,0.43
175.557,-39.495,-1.21,-3.3,0.75,0.56
175.093,-39.93,-4.97,-2.6,0.65,0.69
175.492,-39.954,-3.29,-4.99,2.25,1.37
173.132,-41.493,-7.89,-0.03,0.47,0.47
176.1,-39.547,-1.12,-8.73,0.79,0.7
172.672,-40.713,-2.92,0.23,0.58,0.54
177.525,-38.557,1.43,-17.27,0.79,1
177.392,-38.622,1.98,-16.91,0.79,0.9
177.594,-38.694,0.2,-17.07,0.78,0.77
177.762,-38.702,-0.22,-16.41,0.92,0.64
175.213,-39.692,-2.38,-2.71,0.72,0.57
174.994,-39.535,-0.95,-3.14,0.75,0.69
174.702,-39.578,-1.1,-2.45,0.74,0.73
173.855,-39.241,-1.53,-0.49,0.58,0.61
173.696,-41.41,-9.82,-1.55,0.53,0.48
176.061,-38.732,6.03,-6.42,0.87,0.63
176.734,-38.376,4.15,-11.76,0.65,0.66
176.827,-38.376,1.65,-12.79,1.27,0.94
178.135,-38.011,4.17,-17.17,0.66,0.56
178.13,-38.179,3.12,-18.65,0.85,0.95
178.217,-38.206,4.94,-19.44,0.49,0.44
175.448,-39.435,-0.23,-3.64,0.77,0.6
175.644,-39.386,-0.15,-4.52,0.85,0.76
175.728,-39.406,0.81,-5.31,0.87,0.84
175.905,-39.408,0.26,-6.47,0.79,0.66
176.098,-38.32,5.81,-8.71,1.93,1.74
176.169,-38.314,5.42,-7.37,1.08,0.74
176.214,-38.329,3.55,-7.77,1.45,1.24
176.138,-38.302,7.05,-8.87,1.98,1.77
176.018,-38.36,6.35,-6.89,1.52,1.32
176.158,-38.364,6.72,-9.75,2.12,1.69
176.301,-38.338,1.52,-4.26,0.93,0.86
176.288,-38.352,0.71,-4.69,0.85,0.86
176.411,-38.469,1.75,-7.48,1,1.19
177.865,-38.288,1.44,-17.9,0.77,1.3
178.155,-38.27,2.92,-19.47,1.23,1.12
174.029,-41.782,-20.93,-7.51,0.76,0.64
174.171,-41.849,-24.62,-7.97,0.65,0.59
171.65,-42.727,-10.46,-2.26,0.69,0.71
171.144,-42.558,-3.14,-1.59,0.48,0.57
171.492,-42.655,-6.39,-1.04,0.58,0.51
177.82,-38.184,1.73,-17.53,0.58,0.54
175.743,-38.643,-1.72,-0.91,1.84,1.84
175.947,-38.44,6.65,-3.25,0.98,1.36
177.076,-38.028,5.4,-15.82,2.16,1.91
176.977,-38.118,5.99,-15.11,1.66,1.51
177.1,-38.142,3.96,-14.83,1.16,1.2
177.141,-38.11,5.4,-15.97,1.09,1.26
176.737,-38.077,3.33,-9.4,0.87,0.77
175.333,-36.488,0.9,-1.11,0.49,0.61
170.786,-43.186,-15.69,-2.45,1.44,1.35
170.115,-44.811,-30.08,-12.87,1.48,1.4
170.412,-44.945,-29.87,-11.97,1.47,1.54
170.355,-43.307,-10.5,-0.65,0.52,0.58
171.188,-43.483,-27.55,-11.5,0.67,0.73
169.384,-44.382,-26.32,-12.2,0.52,0.5
170.554,-43.855,-26.37,-11.07,0.61,0.6
170.853,-43.634,-27.22,-11.55,0.54,0.53
170.934,-43.696,-28.17,-11.71,0.6,0.45
169.251,-44.195,-21.57,-10.1,0.62,0.81
174.248,-36.452,-0.05,-0.82,0.58,0.47
170.256,-44.56,-29.52,-12.27,1.55,1.41
169.956,-44.616,-29.24,-13.15,1.48,1.25
170.144,-44.577,-31.3,-13.69,1.24,1.44
170.439,-44.636,-30.18,-11.91,1.53,1.39
173.784,-35.408,0.02,-0.17,0.5,0.43
171.022,-44.543,-31.71,-11.8,0.67,0.96
173.669,-41.869,-18.23,-5.46,0.58,0.57
173.08,-41.904,-11.12,-1.14,0.43,0.48
174.006,-41.879,-22.55,-7.65,0.78,0.86
173.889,-41.948,-23.03,-8.75,0.51,0.55
173.075,-42.197,-17.76,-5.11,0.51,0.61
173.014,-42.32,-20.02,-5.93,0.46,0.48
173.434,-42.366,-26.15,-9.38,0.46,0.47
174.47,-35.852,1.77,1.77,1.97,1.9
173.43,-42.39,-26.95,-9.2,0.48,0.5
176.112,-37.733,6.04,-2.23,2.47,1.11
177.063,-38.119,4.7,-15.71,1.13,1.05
173.248,-42.416,-24.9,-8.66,0.44,0.45
173.194,-42.488,-26.02,-9.06,0.45,0.6
173.348,-41.626,-9.54,-0.75,0.48,0.45
173.372,-42.032,-17.96,-5.01,0.5,0.54
174.137,-41.823,-23.67,-8.2,0.6,0.58
172.71,-40.512,-2.73,0.4,0.49,0.54
172.383,-40.688,-2.71,0.52,0.38,0.44
172.108,-41.168,-2.66,-0.22,0.59,0.49
171.942,-41.528,-3.33,-0.09,0.62,0.47
173.579,-41.241,-8.6,-1.23,0.66,0.39
171.122,-44.728,-32.32,-11.71,0.72,0.91
178.27,-38.464,-2.69,-18.95,0.72,0.65
171.355,-42.075,-3.67,-0.4,0.56,0.85
177.958,-38.653,-3.38,-17.76,1.24,1.21
178.025,-38.675,-2.13,-17.93,2.3,1.45
178.064,-38.691,-4.1,-18,0.59,0.79
173.846,-41.513,-12.67,-3.09,1.11,0.78
172.691,-41.109,-4.81,0.23,0.48,0.44
168.696,-45.368,-29.79,-10.47,0.99,1.02
172.782,-41.776,-8.2,0.11,0.51,0.46
173.216,-41.301,-7.14,-0.37,0.38,0.37
172.237,-42.148,-6.15,-0.62,0.46,0.46
168.442,-45.737,-28.64,-10.14,0.79,0.88
168.919,-46.134,-28.16,-11.58,0.78,0.79
173.924,-42.156,-28.56,-10.15,0.47,0.58
171.053,-43.715,-29.3,-11.61,0.58,0.6
171.201,-43.646,-29.69,-11.91,0.63,0.7
172.2,-42.312,-6.88,-0.58,0.58,0.6
168.325,-46.129,-27.88,-9.2,1.08,1.64
176.216,-40.071,-10.51,-9.79,0.69,0.67
170.553,-43.96,-28.42,-11.59,0.59,0.73
172.376,-42.585,-16.81,-6.41,0.66,0.74
169.488,-45.8,-29.16,-11.74,0.79,0.63
169.832,-44.114,-25.33,-11.21,0.69,0.55
170.692,-43.573,-24.79,-10.91,0.75,0.73
170.685,-43.719,-26.66,-11.23,0.56,0.63
170.607,-43.677,-25.53,-11.05,0.54,0.65
170.337,-43.647,-22.99,-9.48,0.52,0.68
175.811,-39.642,-1.95,-5.37,0.99,0.67
171.342,-43.935,-31.31,-11.89,0.63,0.81
170.444,-43.588,-22.91,-10.05,0.54,0.57
176.488,-38.472,1.51,-10.81,1.61,1.82
170.519,-43.581,-23.95,-9.63,0.61,0.59
176.522,-38.956,3.08,-11.79,0.78,0.73
176.535,-38.036,2.14,-8.09,0.98,1.08
176.052,-38.854,1.94,-10.26,1.86,2.41
175.145,-38.315,-0.45,-1.66,0.86,0.62
175.664,-38.267,-2.12,-2.62,0.7,0.93
176.03,-38.388,8.68,-8.43,1.74,1.48
175.901,-38.542,7.94,-2.35,2.58,2.14
175.686,-39.427,-0.69,-4.87,0.61,0.52
175.402,-39.189,0.28,-3.15,0.53,0.67
172.994,-41.124,-4.89,0.1,0.62,0.49
133.886,-23.67,0.15,0.18,0.36,0.29
170.515,-44.548,-30.32,-13.88,1.37,1.23
170.972,-43.473,-25.29,-10.24,0.81,0.72
170.946,-42.726,-3.69,0.12,0.55,0.77
174.834,-36.603,0.6,-0.78,0.34,0.39
177.778,-38.432,1.06,-18.09,0.75,0.9
178.004,-37.574,5.17,-17.32,0.66,0.78
166.609,-46.156,-21.73,-8.28,0.51,0.54
166.615,-45.669,-18.57,-5.73,1.13,1.06
175.493,-41.517,-32.02,-9.66,0.89,0.76
168.304,-46.412,-25.29,-13.23,0.79,0.86
167.327,-46.107,-24.18,-7.62,1.35,1.7
174.866,-41.259,-23.64,-7.71,0.72,0.7
174.906,-41.163,-21.12,-6.28,0.65,0.67
174.913,-41.375,-27.36,-9.32,1.14,1.59
174.878,-41.405,-28.31,-9.64,0.54,0.72
175.261,-40.681,-16.34,-5.12,0.47,0.49
175.448,-40.725,-18.66,-7.77,0.68,0.51
169.23,-43.846,-11.47,-2.38,0.62,0.53
169.208,-43.935,-15.72,-5.29,0.47,0.65
175.675,-40.686,-21.52,-8.71,0.73,0.83
175.758,-40.38,-15.96,-6.92,0.46,0.65
176.483,-39.855,-8.53,-11.58,0.99,0.56
176.162,-40.241,-14.38,-10.24,0.92,0.76
177.46,-38.936,0.08,-18.66,0.56,0.65
177.917,-37.981,4.42,-12.5,0.78,0.73
176.027,-40.145,-11.49,-8.87,0.91,0.98
176.805,-38.815,3.63,-13.39,0.82,0.76
176.536,-38.557,2.76,-10,0.97,0.93
172.682,-41.218,-4.83,0.57,0.54,0.83
172.311,-41.063,-3.53,0.35,0.52,0.43
175.49,-39.953,-5.02,-5.07,1.06,0.61
176.41,-39.534,-2.53,-11.91,0.68,0.73
175.38,-39.554,-0.57,-2.84,0.79,0.75
176.255,-38.169,4.86,-7.44,0.91,0.83
176.17,-38.264,6.49,-6.06,0.83,1.01
174.214,-41.749,-24.94,-7.19,0.58,0.54
171.638,-42.62,-7.13,-1.12,0.58,0.66
174.451,-35.918,0.09,-0.94,0.63,0.47
171.563,-42.782,-11.19,-2.99,0.6,0.49
171.041,-42.835,-5.33,-0.61,0.55,0.49
170.441,-43.032,-5.17,-0.15,1.21,1.17
170.261,-43.108,-3.96,-0.36,0.5,0.46
170.34,-43.227,-6.47,-0.4,0.64,0.52
170.552,-43.147,-7.42,-0.18,0.48,0.51
170.926,-43.099,-13.56,-3.19,0.65,0.51
170.432,-44.435,-30.81,-13.25,1.21,1.54
170.304,-44.422,-30.06,-14.94,1.47,1.65
174.458,-39.74,-3.31,-0.64,1.61,0.78
176.196,-40.869,-27.05,-10.37,0.61,0.69
177.52,-37.925,3.03,-15.63,0.99,1.26
178.281,-37.905,5.96,-18.97,0.63,0.53
172.089,-43.7,-31.68,-11.32,0.78,0.8
178.266,-38.017,6.65,-19.01,0.59,0.55
176.324,-38.549,0.94,-5.82,0.67,0.58
169.75,-46.237,-27.77,-12.37,1.09,1.17
175.715,-40.599,-20.32,-7.66,0.45,0.55
175.204,-38.687,0.91,-2.84,0.87,0.86
175.877,-37.894,0.99,-1.96,0.85,0.59
176.252,-38.13,4.93,-8.11,1.42,1.76
176.373,-38.879,3.71,-10.13,0.54,0.53
175.876,-38.933,2.84,-8.08,1.53,1.33
175.021,-40.872,-17.09,-5.28,0.86,0.61
176.367,-39.607,-3.1,-11.25,0.75,0.7
169.346,-43.983,-18.16,-6.68,0.49,0.56
169.187,-44.111,-20.56,-8.11,0.56,0.53
171.431,-42.738,-7.55,-1.23,0.68,0.58
171.467,-42.742,-8.39,-0.88,0.52,0.59
170.187,-43.367,-7.09,-0.56,0.47,0.67
170.018,-43.464,-9.75,-0.94,0.57,0.78
169.37,-43.765,-9.75,-2.47,0.54,0.7
169.144,-43.943,-12.98,-4.88,0.97,0.7
169.178,-43.969,-17.49,-4.7,0.99,1.12
169.24,-43.961,-17.16,-6.48,0.49,0.54
169.316,-43.956,-16.93,-6.78,0.62,0.48
169.388,-43.972,-19.16,-6.39,0.6,0.73
169.4,-43.999,-21.56,-9.84,0.62,0.6
169.046,-43.861,-8.38,-1.61,0.7,0.62
169.045,-43.88,-9.16,-3.71,0.72,0.65
175.821,-41.033,-27.45,-9.42,0.69,0.9
170.602,-43.509,-22.29,-9.42,0.57,0.6
170.685,-43.426,-21.49,-9.04,0.6,0.71
170.718,-43.331,-19.2,-7.77,0.68,0.62
170.739,-43.261,-17.65,-6.78,0.52,0.75
170.676,-43.303,-18.29,-6.71,0.57,0.62
170.59,-43.291,-14.88,-5.64,0.63,0.57
170.513,-43.379,-18.79,-7.24,0.62,0.81
170.451,-43.394,-17.71,-7.07,0.51,0.81
170.36,-43.366,-13.26,-2.63,0.93,1
170.262,-43.414,-15.59,-4.33,0.57,0.7
170.685,-43.231,-14.52,-3.61,0.53,0.78
170.522,-43.248,-12.02,-0.69,0.5,0.49
170.452,-43.278,-11.84,-0.88,0.54,0.5
170.258,-43.559,-20.91,-6.91,0.53,0.71
170.361,-43.519,-20.28,-8.63,0.54,0.69
171.089,-43.418,-25.44,-10.42,0.63,0.6
170.938,-43.363,-23.23,-9.48,0.62,0.76
170.882,-43.324,-21.71,-9.37,0.62,0.76
170.801,-43.413,-22.91,-9.45,0.71,0.56
170.712,-44.027,-30.13,-12.1,0.55,0.7
170.879,-43.928,-29.93,-11.9,0.58,0.59
171.057,-43.848,-30.07,-11.78,0.6,0.61
171.062,-43.61,-28.51,-10.96,0.54,0.53
170.85,-43.521,-25.21,-10.76,0.58,0.83
170.702,-43.499,-23.7,-10.47,1.17,1.19
170.511,-43.486,-21.16,-8.45,0.69,0.77
170.423,-43.636,-23.49,-9.86,0.56,0.82
171.176,-43.736,-30.21,-12.07,0.6,0.69
170.893,-43.548,-26.22,-11.08,0.58,0.62
169.822,-43.765,-20.19,-7.42,0.58,0.59
169.933,-43.799,-21.68,-6.99,0.66,0.68
169.994,-43.906,-24.1,-10.31,0.58,0.81
170.625,-43.388,-20.13,-7.56,0.62,0.7
170.849,-43.217,-17.98,-6.29,0.6,0.67
171.038,-43.296,-22.23,-9.54,0.67,1.02
170.441,-43.771,-25.56,-10.92,0.61,0.8
170.824,-43.785,-28.3,-11.71,0.53,0.58
170.119,-43.759,-22.56,-9.11,0.48,0.92
170.576,-43.725,-26.07,-10.87,0.55,0.87
172.257,-42.777,-23.13,-9.68,1.62,1.74
174.16,-41.027,-10.32,-1.52,0.5,0.58
175.717,-41.401,-32.56,-9.9,0.43,0.52
175.659,-41.326,-31.73,-10.21,0.5,0.51
175.548,-41.256,-30.67,-10.31,0.47,0.57
175.499,-41.423,-32.43,-9.68,0.51,0.46
175.232,-41.429,-32.14,-9.42,0.46,0.44
174.98,-41.264,-26.37,-7.9,0.75,0.75
175.144,-41.082,-22.77,-7.92,0.63,0.53
175.144,-41.393,-31.26,-9.85,0.54,0.63
171.418,-43.523,-28.56,-11.51,0.58,0.51
171.362,-43.434,-27.79,-10.69,0.77,0.7
171.588,-43.389,-28.42,-10.91,0.91,0.9
171.313,-43.052,-17.66,-7.47,0.77,1.05
171.43,-42.762,-7.94,-0.68,0.56,0.81
171.554,-42.724,-9.18,-1.21,0.71,0.62
171.485,-42.836,-12.56,-3.34,0.65,0.86
171.403,-42.84,-10.7,-2.15,0.55,0.68
171.158,-42.905,-8.85,-1.66,0.69,0.6
171.313,-42.908,-12.7,-2.96,0.67,0.66
176.081,-39.264,0.63,-8.01,0.59,0.58
175.927,-39.225,0.57,-6.42,0.49,0.49
176.379,-39.283,0.91,-11.74,0.53,0.71
176.475,-40.293,-16.07,-13.1,0.53,0.56
177.961,-39.09,-3.81,-18.7,0.8,0.66
176.943,-37.955,7.24,-16.97,1.49,1.45
176.855,-37.989,5.68,-15.89,1.14,1.13
177.344,-38.276,2.93,-15.61,0.83,0.92
175.667,-40.852,-23.4,-10.31,0.57,0.58
175.679,-40.556,-19.06,-8.86,1.33,1.07
175.908,-40.29,-13.82,-8.06,0.45,0.97
175.849,-40.276,-13.49,-7.01,0.75,0.67
175.887,-40.304,-14.25,-7.79,0.59,0.52
175.875,-40.313,-14.92,-8.11,0.6,0.76
175.827,-40.304,-14.08,-7.12,0.58,0.83
176.46,-40.55,-23.41,-11.58,0.72,1.03
176.332,-40.641,-26.1,-10.8,0.44,0.68
176.213,-40.385,-18.13,-11.18,0.65,0.68
175.762,-40.968,-26.59,-10.63,0.53,0.52
175.685,-41.12,-28.74,-10.72,0.49,0.52
175.865,-41.293,-30.8,-10.48,0.49,0.52
175.425,-40.41,-13.17,-4.56,0.44,0.58
175.622,-41.014,-25.94,-10.57,0.46,0.43
174.984,-40.904,-16.43,-4.38,0.44,0.47
175.348,-40.75,-18.13,-6.51,0.48,0.41
175.306,-40.947,-20.74,-8.03,0.46,0.44
174.936,-41.073,-19.27,-5.79,0.51,0.67
176.303,-38.477,-0.3,-7.44,0.79,0.9
176.131,-38.527,3.35,-3.38,2.49,1.89
176.045,-38.543,4.51,-4.55,1.31,1.72
175.758,-38.817,-1.35,-3.84,1.43,1.28
175.394,-38.498,0.51,-3.55,2.09,2.1
171.821,-42.868,-19.39,-6.02,0.66,0.79
171.978,-42.833,-20.64,-6.92,0.68,0.76
171.902,-42.775,-17.57,-5.32,0.66,0.86
176.098,-38.407,6.24,-6.8,0.48,0.46
174.953,-41.02,-17.91,-5.01,1.8,1.8
173.806,-41.745,-17.16,-5.13,0.47,0.48
168.292,-46.585,-25.86,-13.33,0.62,0.74
171.351,-42.806,-8.62,-0.4,0.67,0.81
171.655,-42.835,-16.29,-4.47,0.72,0.78
171.541,-42.649,-6.77,0.03,0.73,0.9
176.753,-38.257,3.63,-11.72,0.73,0.68
175.31,-39.432,-0.64,-2.66,0.63,0.55
176.081,-38.153,3.09,-3.68,1.03,0.68
176.561,-38.408,2.54,-9.63,0.56,0.73
176.522,-38.229,0.04,-6.06,0.77,0.85
175.264,-39.324,-0.53,-2.69,0.93,0.74
133.81,-31.867,0.3,-0.32,0.31,0.3
175.405,-39.361,-3.19,-2.44,1.57,1.87
175.213,-39.057,0.34,-3.11,0.71,0.8
183.434,-43.956,-32.9,0.03,0.45,0.43
175.75,-36.865,1.31,-0.59,0.49,0.54
174.031,-39.058,-0.6,-1.19,0.81,0.84
131.133,-12.844,0.19,0.18,0.38,0.57
174.77,-36.841,1.54,2.2,1.9,2.25
173.374,-42.616,-29.65,-9.37,0.61,0.7
176.085,-39.818,-4.54,-10.1,0.98,0.6
168.127,-44.815,-25.51,-8.41,0.9,0.82
168.162,-44.645,-22.21,-7.39,0.99,0.78
168.014,-44.49,-16.53,-5.65,0.83,0.84
167.646,-44.725,-20.33,-2.52,1.14,1.06
167.319,-44.906,-18.47,-1,2.1,1.94
166.996,-46.142,-22.31,-7.89,1.08,1.76
168.411,-45.091,-29.4,-10.47,1.38,1.08
166.583,-45.937,-19.48,-6.82,1.31,1.33
167.202,-45.895,-23.04,-12.45,1.33,1.9
167.119,-45.706,-21.69,-9.33,1.09,1.99
166.886,-45.834,-22.18,-10.82,1.57,1.43
166.873,-45.703,-20.17,-7.93,1.04,1.38
167.077,-45.52,-20.64,-6.09,1.36,1.54
166.797,-45.443,-20.47,-4.64,1.46,1.44
167.523,-45.025,-23.32,-4.83,1.48,1.28
167.633,-44.868,-17.77,-3.59,2.13,1.93
167.526,-45.115,-21.46,-5.51,1.18,1.75
167.216,-45.268,-19.96,-3.5,1.26,0.89
167.18,-45.343,-21.45,-5.8,1.67,1.16
167.559,-45.402,-23.06,-4.23,1.24,1.33
167.411,-45.46,-22.44,-6.51,1.4,1.23
167.378,-45.693,-24.15,-8.77,1.36,1.82
167.967,-44.997,-30.44,-8.06,1.3,1.16
167.868,-44.785,-25.18,-6.5,0.87,0.95
168.685,-44.272,-17.81,-7.15,1.06,1.12
168.338,-44.229,-9.19,-0.81,0.99,0.98
168.966,-44.167,-19.91,-6.26,0.87,1.01
168.469,-44.644,-23.17,-8.87,1.02,1.17
168.786,-44.498,-23.89,-8.15,1.09,1.34
168.409,-44.873,-26.94,-9.13,1.01,1.27
168.945,-44.872,-27.4,-9.94,0.99,1.01
168.67,-45.043,-27.62,-8.5,1.67,0.95
174.749,-41.178,-18.25,-5.08,1.78,0.89
171.799,-42.788,-16.99,-3.34,1.06,1.11
171.708,-42.669,-8.76,-0.76,0.88,0.76
171.877,-42.693,-12.69,-2.52,0.87,0.87
171.488,-42.919,-16.17,-4.29,0.86,1.26
171.493,-42.996,-18.61,-5.31,0.84,0.92
171.832,-42.607,-8.6,-0.41,0.81,0.84
171.735,-42.711,-10.99,-2.05,0.88,0.84
175.35,-41.204,-29.16,-9.58,0.67,0.7
176.022,-40.302,-17.55,-9.04,0.65,0.69
175.857,-40.682,-23.38,-9.93,0.73,0.74
176.06,-40.714,-25.77,-9.59,0.62,0.71
175.891,-40.883,-25.89,-9.22,0.63,0.61
176.031,-40.886,-25.97,-9.14,0.91,0.84
175.541,-40.921,-23.51,-9.7,0.69,0.6
170.123,-45.566,-27.84,-11.38,0.79,0.81
169.903,-44.938,-28.07,-11.57,0.72,0.78
169.302,-44.749,-26.71,-11,0.73,0.82
167.135,-45.004,-19.05,-0.32,1.64,2.07
172.65,-42.053,-8.63,-0.02,0.67,0.77
176.167,-40.299,-15.73,-11.26,0.98,0.53
169.206,-44.286,-22.22,-10.04,0.81,1.05
170.517,-45.371,-29.45,-13.22,1.05,1.31
170.322,-45.467,-29.9,-14.23,1.08,1.32
170.216,-45.383,-29.05,-13.25,1.37,1.47
170.067,-45.285,-29.19,-13.33,1.39,1.33
169.803,-45.478,-28.88,-13.69,1.11,1.13
169.978,-45.048,-29.32,-13.18,1.12,1.25
169.629,-45.263,-29.3,-13.39,1.2,1.19
169.615,-45.107,-28.96,-12.84,1.03,1.27
169.355,-44.933,-29.04,-13.03,1.06,1.07
169.425,-45.676,-29.16,-13.19,0.96,1.25
169.766,-45.97,-28.8,-13.92,0.96,1.24
175.648,-38.36,0.73,-2.63,1.37,1.19
170.597,-45.884,-29.07,-13.28,0.69,0.82
176.644,-38.608,3.39,-11.01,0.89,0.65
170.048,-45.782,-29.44,-13.29,1.08,1.21
169.17,-45.08,-29.5,-12.68,0.99,1.31
176.163,-38.411,4.19,-7.78,2.02,1.67
174.704,-41.232,-19.47,-5.43,1.84,0.91
175.197,-41.523,-33.26,-9.8,1.16,1.13
175.791,-41.179,-29.3,-11.31,1.05,1.19
175.356,-41.523,-33.59,-9.78,1.42,0.99
175.403,-41.451,-33.73,-10.26,1.03,1.25
175.051,-41.263,-27.24,-9.3,1.38,1.24
175.321,-41.607,-33.61,-10.31,0.98,1.48
175.109,-41.168,-25.36,-9.17,1.83,1.5
176.124,-37.889,3.8,-3.72,1.53,1.22
176.819,-38.114,5.06,-13.54,2.49,1.85
175.798,-38.425,1.4,-3.79,1.53,1.34
175.752,-38.357,2.46,-4.94,1.45,1.15
176.673,-37.862,0.12,-7.86,2.41,2
170.709,-44.52,-31.16,-12.13,0.7,0.84
177.886,-38.635,-0.16,-18.69,0.94,0.81
172.53,-40.827,-2.84,0.25,0.53,0.54
168.786,-44.073,-12.32,-4.46,0.81,1.08
175.109,-37.807,-0.45,-0.92,0.41,0.48
176.727,-39.617,-5.1,-14.02,0.81,0.64
178.303,-37.561,5.11,-17.61,0.49,0.43
147.439,-42.805,0.17,-0.28,0.32,0.42
170.984,-42.713,-3.3,0.4,0.5,0.56
173.534,-42.425,-27.9,-10.18,0.58,0.85
117.097,-20.981,-0.4,0.34,0.33,0.36
173.273,-35.069,-0.64,-0.67,0.68,0.64
169.308,-45.231,-28.14,-11.79,0.79,0.91
172.266,-42.783,-22.19,-9.1,0.58,0.72
172.722,-43.606,-32.07,-11.39,0.48,0.61
174.854,-38.513,-0.14,-0.69,0.5,0.53
175.585,-41.062,-26.31,-10.6,0.5,0.52
168.118,-45.367,-25.67,-11.07,0.8,1.05
172.655,-43.703,-32.09,-10.69,0.48,0.57
170.465,-43.986,-26.86,-10.73,0.47,0.66
173.434,-41.184,-6.55,-0.93,0.97,0.47
166.41,-22.27,0.18,0.24,0.52,0.48
174.118,-39.182,-1.51,-1.05,0.47,0.41
170.511,-45.87,-28.7,-12.08,0.42,0.51
166.681,-46.166,-21.6,-10.86,1.17,1.48
169.816,-43.532,-8.35,-2.08,0.54,0.51
176.081,-38.743,5.06,-6.58,0.7,0.59
148.98,-35.399,-0.15,-0.01,0.35,0.38
148.98,-35.399,0.03,-0.23,0.35,0.36
147.056,-19.269,-0.12,0.19,0.4,0.38
176.261,-37.729,2.56,-1.72,0.49,0.56
175.47,-39.385,-2.69,-1.84,0.61,0.65
170.92,-44.656,-29.75,-12.38,0.64,0.82
174.821,-39.787,-2.98,-2.08,0.9,0.52
174.663,-36.434,-0.92,-0.73,0.92,0.75
171.806,-41.745,-2.62,-0.77,0.57,0.63
174.806,-41.324,-23.81,-7.6,0.49,0.49
177.014,-37.982,2.94,-13.82,0.95,0.96
174.315,-35.804,0.63,-0.14,0.5,0.57
115.347,-29.047,-0.32,0,0.41,0.38
,,,,,
